unsigned char mnvg_bitcode_ios[] = {
  0x4d, 0x54, 0x4c, 0x42, 0x01, 0x00, 0x02, 0x00, 0x04, 0x00, 0x00, 0x00,
  0x00, 0x00, 0x00, 0x00, 0xe7, 0x49, 0x00, 0x00, 0x00, 0x00, 0x00, 0x00,
  0x58, 0x00, 0x00, 0x00, 0x00, 0x00, 0x00, 0x00, 0x8c, 0x01, 0x00, 0x00,
  0x00, 0x00, 0x00, 0x00, 0xec, 0x01, 0x00, 0x00, 0x00, 0x00, 0x00, 0x00,
  0x43, 0x00, 0x00, 0x00, 0x00, 0x00, 0x00, 0x00, 0x2f, 0x02, 0x00, 0x00,
  0x00, 0x00, 0x00, 0x00, 0x18, 0x00, 0x00, 0x00, 0x00, 0x00, 0x00, 0x00,
  0x47, 0x02, 0x00, 0x00, 0x00, 0x00, 0x00, 0x00, 0xa0, 0x47, 0x00, 0x00,
  0x00, 0x00, 0x00, 0x00, 0x03, 0x00, 0x00, 0x00, 0x82, 0x00, 0x00, 0x00,
  0x4e, 0x41, 0x4d, 0x45, 0x0d, 0x00, 0x76, 0x65, 0x72, 0x74, 0x65, 0x78,
  0x53, 0x68, 0x61, 0x64, 0x65, 0x72, 0x00, 0x54, 0x59, 0x50, 0x45, 0x01,
  0x00, 0x00, 0x48, 0x41, 0x53, 0x48, 0x20, 0x00, 0xa8, 0x09, 0xd8, 0xbe,
  0x81, 0x23, 0xd1, 0x58, 0xaa, 0xc4, 0xab, 0xe6, 0xff, 0x66, 0xc1, 0xf3,
  0xc5, 0xe3, 0x99, 0xd5, 0x01, 0xac, 0xab, 0x0e, 0x40, 0x80, 0x01, 0xd1,
  0x14, 0x41, 0x8e, 0x9f, 0x4d, 0x44, 0x53, 0x5a, 0x08, 0x00, 0x00, 0x0d,
  0x00, 0x00, 0x00, 0x00, 0x00, 0x00, 0x4f, 0x46, 0x46, 0x54, 0x18, 0x00,
  0x00, 0x00, 0x00, 0x00, 0x00, 0x00, 0x00, 0x00, 0x00, 0x00, 0x00, 0x00,
  0x00, 0x00, 0x00, 0x00, 0x00, 0x00, 0x00, 0x00, 0x00, 0x00, 0x00, 0x00,
  0x56, 0x45, 0x52, 0x53, 0x08, 0x00, 0x02, 0x00, 0x02, 0x00, 0x02, 0x00,
  0x02, 0x00, 0x45, 0x4e, 0x44, 0x54, 0x84, 0x00, 0x00, 0x00, 0x4e, 0x41,
  0x4d, 0x45, 0x0f, 0x00, 0x66, 0x72, 0x61, 0x67, 0x6d, 0x65, 0x6e, 0x74,
  0x53, 0x68, 0x61, 0x64, 0x65, 0x72, 0x00, 0x54, 0x59, 0x50, 0x45, 0x01,
  0x00, 0x01, 0x48, 0x41, 0x53, 0x48, 0x20, 0x00, 0xb4, 0xb3, 0xb8, 0x51,
  0x38, 0xba, 0x43, 0xf4, 0xdc, 0x0f, 0x98, 0xb5, 0xab, 0x2c, 0x3a, 0x9f,
  0xe8, 0xe5, 0x47, 0xc5, 0x6d, 0x0c, 0xca, 0x24, 0x00, 0x8b, 0x12, 0xfb,
  0x76, 0xb3, 0xa5, 0xc7, 0x4d, 0x44, 0x53, 0x5a, 0x08, 0x00, 0x50, 0x1d,
  0x00, 0x00, 0x00, 0x00, 0x00, 0x00, 0x4f, 0x46, 0x46, 0x54, 0x18, 0x00,
  0x33, 0x00, 0x00, 0x00, 0x00, 0x00, 0x00, 0x00, 0x08, 0x00, 0x00, 0x00,
  0x00, 0x00, 0x00, 0x00, 0x00, 0x0d, 0x00, 0x00, 0x00, 0x00, 0x00, 0x00,
  0x56, 0x45, 0x52, 0x53, 0x08, 0x00, 0x02, 0x00, 0x02, 0x00, 0x02, 0x00,
  0x02, 0x00, 0x45, 0x4e, 0x44, 0x54, 0x86, 0x00, 0x00, 0x00, 0x4e, 0x41,
  0x4d, 0x45, 0x11, 0x00, 0x66, 0x72, 0x61, 0x67, 0x6d, 0x65, 0x6e, 0x74,
  0x53, 0x68, 0x61, 0x64, 0x65, 0x72, 0x41, 0x41, 0x00, 0x54, 0x59, 0x50,
  0x45, 0x01, 0x00, 0x01, 0x48, 0x41, 0x53, 0x48, 0x20, 0x00, 0xbb, 0x83,
  0xe0, 0xc7, 0x98, 0x5d, 0x47, 0xaf, 0x45, 0xc3, 0xa7, 0x30, 0xd5, 0xb4,
  0x4c, 0x2b, 0x9f, 0x66, 0xe7, 0xdd, 0xad, 0x6e, 0x80, 0xcc, 0x64, 0x0c,
  0xb8, 0xcd, 0x05, 0x19, 0x32, 0x5e, 0x4d, 0x44, 0x53, 0x5a, 0x08, 0x00,
  0x50, 0x1d, 0x00, 0x00, 0x00, 0x00, 0x00, 0x00, 0x4f, 0x46, 0x46, 0x54,
  0x18, 0x00, 0x3b, 0x00, 0x00, 0x00, 0x00, 0x00, 0x00, 0x00, 0x10, 0x00,
  0x00, 0x00, 0x00, 0x00, 0x00, 0x00, 0x50, 0x2a, 0x00, 0x00, 0x00, 0x00,
  0x00, 0x00, 0x56, 0x45, 0x52, 0x53, 0x08, 0x00, 0x02, 0x00, 0x02, 0x00,
  0x02, 0x00, 0x02, 0x00, 0x45, 0x4e, 0x44, 0x54, 0x45, 0x4e, 0x44, 0x54,
  0x2f, 0x00, 0x00, 0x00, 0x56, 0x41, 0x54, 0x54, 0x1a, 0x00, 0x03, 0x00,
  0x70, 0x6f, 0x73, 0x00, 0x00, 0x80, 0x74, 0x63, 0x6f, 0x6f, 0x72, 0x64,
  0x00, 0x01, 0x80, 0x6c, 0x63, 0x6f, 0x6f, 0x72, 0x64, 0x00, 0x02, 0x80,
  0x56, 0x41, 0x54, 0x59, 0x05, 0x00, 0x03, 0x00, 0x04, 0x04, 0x04, 0x45,
  0x4e, 0x44, 0x54, 0x04, 0x00, 0x00, 0x00, 0x45, 0x4e, 0x44, 0x54, 0x04,
  0x00, 0x00, 0x00, 0x45, 0x4e, 0x44, 0x54, 0x04, 0x00, 0x00, 0x00, 0x45,
  0x4e, 0x44, 0x54, 0x04, 0x00, 0x00, 0x00, 0x45, 0x4e, 0x44, 0x54, 0x04,
  0x00, 0x00, 0x00, 0x45, 0x4e, 0x44, 0x54, 0xde, 0xc0, 0x17, 0x0b, 0x00,
  0x00, 0x00, 0x00, 0x14, 0x00, 0x00, 0x00, 0xe0, 0x0c, 0x00, 0x00, 0xff,
  0xff, 0xff, 0xff, 0x42, 0x43, 0xc0, 0xde, 0x35, 0x14, 0x00, 0x00, 0x03,
  0x00, 0x00, 0x00, 0x62, 0x0c, 0x30, 0x24, 0x80, 0x10, 0x05, 0xc8, 0x14,
  0x00, 0x00, 0x00, 0x21, 0x0c, 0x00, 0x00, 0xff, 0x02, 0x00, 0x00, 0x0b,
  0x02, 0x21, 0x00, 0x02, 0x00, 0x00, 0x00, 0x13, 0x00, 0x00, 0x00, 0x07,
  0x81, 0x23, 0x91, 0x41, 0xc8, 0x04, 0x49, 0x06, 0x10, 0x32, 0x39, 0x92,
  0x01, 0x84, 0x0c, 0x25, 0x05, 0x08, 0x19, 0x1e, 0x04, 0x8b, 0x62, 0x80,
  0x10, 0x45, 0x02, 0x42, 0x92, 0x0b, 0x42, 0x84, 0x10, 0x32, 0x14, 0x38,
  0x08, 0x18, 0x4b, 0x0a, 0x32, 0x42, 0x88, 0x48, 0x90, 0x14, 0x20, 0x43,
  0x46, 0x88, 0xa5, 0x00, 0x19, 0x32, 0x42, 0x04, 0x49, 0x0e, 0x90, 0x11,
  0x22, 0xc4, 0x50, 0x41, 0x51, 0x81, 0x8c, 0xe1, 0x83, 0xe5, 0x8a, 0x04,
  0x21, 0x46, 0x06, 0x51, 0x18, 0x00, 0x00, 0x71, 0x00, 0x00, 0x00, 0x1b,
  0xc0, 0x24, 0xf8, 0xff, 0xff, 0xff, 0xff, 0x01, 0x80, 0x03, 0x40, 0x02,
  0x28, 0x22, 0x1c, 0xe0, 0x01, 0x1e, 0xe4, 0xe1, 0x1d, 0xf0, 0xa1, 0x0d,
  0xcc, 0xa1, 0x1e, 0xdc, 0x61, 0x1c, 0xda, 0xc0, 0x1c, 0xe0, 0xa1, 0x0d,
  0xda, 0x21, 0x1c, 0xe8, 0x01, 0x1d, 0x00, 0x7a, 0x90, 0x87, 0x7a, 0x28,
  0x07, 0x80, 0x68, 0x87, 0x74, 0x70, 0x87, 0x36, 0x60, 0x87, 0x72, 0x38,
  0x87, 0x70, 0x60, 0x87, 0x36, 0xb0, 0x87, 0x72, 0x18, 0x07, 0x7a, 0x78,
  0x07, 0x79, 0x68, 0x83, 0x7b, 0x48, 0x07, 0x72, 0xa0, 0x07, 0x74, 0x00,
  0xec, 0x80, 0x0e, 0x80, 0xc1, 0x1d, 0xde, 0xa1, 0x0d, 0xc4, 0xa1, 0x1e,
  0xd2, 0x81, 0x1d, 0xe8, 0x21, 0x1d, 0xdc, 0x61, 0x1e, 0x00, 0xc2, 0x1d,
  0xde, 0xa1, 0x0d, 0xcc, 0x41, 0x1e, 0xc2, 0xa1, 0x1d, 0xca, 0xa1, 0x0d,
  0xe0, 0xe1, 0x1d, 0xd2, 0xc1, 0x1d, 0xe8, 0xa1, 0x1c, 0xe4, 0xa1, 0x0d,
  0xca, 0x81, 0x1d, 0xd2, 0xa1, 0x1d, 0x00, 0x7a, 0x90, 0x87, 0x7a, 0x28,
  0x07, 0x80, 0x70, 0x87, 0x77, 0x68, 0x03, 0x73, 0x90, 0x87, 0x70, 0x68,
  0x87, 0x72, 0x68, 0x03, 0x78, 0x78, 0x87, 0x74, 0x70, 0x07, 0x7a, 0x28,
  0x07, 0x79, 0x68, 0x83, 0x72, 0x60, 0x87, 0x74, 0x68, 0x87, 0x36, 0x70,
  0x87, 0x77, 0x70, 0x87, 0x36, 0x60, 0x87, 0x72, 0x08, 0x07, 0x73, 0x00,
  0xe8, 0x41, 0x1e, 0xea, 0xa1, 0x1c, 0x00, 0xc2, 0x1d, 0xde, 0xa1, 0x0d,
  0xd2, 0xc1, 0x1d, 0xcc, 0x61, 0x1e, 0xda, 0xc0, 0x1c, 0xe0, 0xa1, 0x0d,
  0xda, 0x21, 0x1c, 0xe8, 0x01, 0x1d, 0x00, 0x7a, 0x90, 0x87, 0x7a, 0x28,
  0x07, 0x80, 0x70, 0x87, 0x77, 0x68, 0x03, 0x77, 0x08, 0x07, 0x77, 0x98,
  0x87, 0x36, 0x30, 0x07, 0x78, 0x68, 0x83, 0x76, 0x08, 0x07, 0x7a, 0x40,
  0x07, 0x80, 0x1e, 0xe4, 0xa1, 0x1e, 0xca, 0x01, 0x20, 0xdc, 0xe1, 0x1d,
  0xda, 0x60, 0x1e, 0xd2, 0xe1, 0x1c, 0xdc, 0xa1, 0x1c, 0xc8, 0xa1, 0x0d,
  0xf4, 0xa1, 0x1c, 0xe4, 0xe1, 0x1d, 0xe6, 0xa1, 0x0d, 0xcc, 0x01, 0x1e,
  0xda, 0xa0, 0x1d, 0xc2, 0x81, 0x1e, 0xd0, 0x01, 0xa0, 0x07, 0x79, 0xa8,
  0x87, 0x72, 0x00, 0x08, 0x77, 0x78, 0x87, 0x36, 0xa0, 0x07, 0x79, 0x08,
  0x07, 0x78, 0x80, 0x87, 0x74, 0x70, 0x87, 0x73, 0x68, 0x83, 0x76, 0x08,
  0x07, 0x7a, 0x40, 0x07, 0x80, 0x1e, 0xe4, 0xa1, 0x1e, 0xca, 0x01, 0x20,
  0xe6, 0x81, 0x1e, 0xc2, 0x61, 0x1c, 0xd6, 0xa1, 0x0d, 0xe0, 0x41, 0x1e,
  0xde, 0x81, 0x1e, 0xca, 0x61, 0x1c, 0xe8, 0xe1, 0x1d, 0xe4, 0xa1, 0x0d,
  0xc4, 0xa1, 0x1e, 0xcc, 0xc1, 0x1c, 0xca, 0x41, 0x1e, 0xda, 0x60, 0x1e,
  0xd2, 0x41, 0x1f, 0xca, 0x01, 0xc0, 0x03, 0x80, 0xa8, 0x07, 0x77, 0x98,
  0x87, 0x70, 0x30, 0x87, 0x72, 0x68, 0x03, 0x73, 0x80, 0x87, 0x36, 0x68,
  0x87, 0x70, 0xa0, 0x07, 0x74, 0x00, 0xe8, 0x41, 0x1e, 0xea, 0xa1, 0x1c,
  0x80, 0x0d, 0x9e, 0x40, 0x00, 0x0b, 0x50, 0x05, 0x69, 0x80, 0x0c, 0xe1,
  0x90, 0x0e, 0xf2, 0xd0, 0x06, 0xe2, 0x50, 0x0f, 0xe6, 0x60, 0x0e, 0xe5,
  0x20, 0x0f, 0x6d, 0xe0, 0x0e, 0xef, 0xd0, 0x06, 0xe1, 0xc0, 0x0e, 0xe9,
  0x10, 0x0e, 0xf3, 0x00, 0x00, 0x00, 0x00, 0x49, 0x18, 0x00, 0x00, 0x01,
  0x00, 0x00, 0x00, 0x13, 0x84, 0x40, 0x00, 0x89, 0x20, 0x00, 0x00, 0x11,
  0x00, 0x00, 0x00, 0x32, 0x22, 0x08, 0x09, 0x20, 0x64, 0x85, 0x04, 0x13,
  0x22, 0xa4, 0x84, 0x04, 0x13, 0x22, 0xe3, 0x84, 0xa1, 0x90, 0x14, 0x12,
  0x4c, 0x88, 0x8c, 0x0b, 0x84, 0x84, 0x4c, 0x10, 0x30, 0x33, 0x00, 0xc3,
  0x08, 0x04, 0x30, 0x8c, 0x20, 0x00, 0x96, 0x08, 0x11, 0x19, 0x44, 0x10,
  0x84, 0x52, 0x8c, 0x88, 0x10, 0xd5, 0x40, 0xc0, 0x1c, 0x01, 0x18, 0xa4,
  0x00, 0xce, 0x11, 0x80, 0xc2, 0x08, 0x00, 0x00, 0x00, 0x00, 0x00, 0x13,
  0xaa, 0x70, 0x48, 0x07, 0x79, 0xb0, 0x03, 0x3a, 0x68, 0x83, 0x70, 0x80,
  0x07, 0x78, 0x60, 0x87, 0x72, 0x68, 0x83, 0x74, 0x78, 0x87, 0x79, 0x88,
  0x83, 0x39, 0x70, 0x03, 0x38, 0x70, 0x03, 0x38, 0xd8, 0x70, 0x1b, 0xe5,
  0xd0, 0x06, 0xf0, 0xa0, 0x07, 0x76, 0x40, 0x07, 0x7a, 0x60, 0x07, 0x74,
  0xa0, 0x07, 0x76, 0x40, 0x07, 0x6d, 0x90, 0x0e, 0x71, 0xa0, 0x07, 0x78,
  0xa0, 0x07, 0x78, 0xd0, 0x06, 0xe9, 0x80, 0x07, 0x7a, 0x80, 0x07, 0x7a,
  0x80, 0x07, 0x6d, 0x90, 0x0e, 0x71, 0x60, 0x07, 0x7a, 0x10, 0x07, 0x76,
  0xa0, 0x07, 0x71, 0x60, 0x07, 0x6d, 0x90, 0x0e, 0x73, 0x20, 0x07, 0x7a,
  0x30, 0x07, 0x72, 0xa0, 0x07, 0x73, 0x20, 0x07, 0x6d, 0x90, 0x0e, 0x76,
  0x40, 0x07, 0x7a, 0x60, 0x07, 0x74, 0xa0, 0x07, 0x76, 0x40, 0x07, 0x6d,
  0x60, 0x0e, 0x73, 0x20, 0x07, 0x7a, 0x30, 0x07, 0x72, 0xa0, 0x07, 0x73,
  0x20, 0x07, 0x6d, 0x60, 0x0e, 0x76, 0x40, 0x07, 0x7a, 0x60, 0x07, 0x74,
  0xa0, 0x07, 0x76, 0x40, 0x07, 0x6d, 0x60, 0x0f, 0x71, 0x60, 0x07, 0x7a,
  0x10, 0x07, 0x76, 0xa0, 0x07, 0x71, 0x60, 0x07, 0x6d, 0x60, 0x0f, 0x72,
  0x40, 0x07, 0x7a, 0x30, 0x07, 0x72, 0xa0, 0x07, 0x73, 0x20, 0x07, 0x6d,
  0x60, 0x0f, 0x73, 0x20, 0x07, 0x7a, 0x30, 0x07, 0x72, 0xa0, 0x07, 0x73,
  0x20, 0x07, 0x6d, 0x60, 0x0f, 0x74, 0x80, 0x07, 0x7a, 0x60, 0x07, 0x74,
  0xa0, 0x07, 0x76, 0x40, 0x07, 0x6d, 0x60, 0x0f, 0x76, 0x40, 0x07, 0x7a,
  0x60, 0x07, 0x74, 0xa0, 0x07, 0x76, 0x40, 0x07, 0x6d, 0x60, 0x0f, 0x79,
  0x60, 0x07, 0x7a, 0x10, 0x07, 0x72, 0x80, 0x07, 0x7a, 0x10, 0x07, 0x72,
  0x80, 0x07, 0x6d, 0x60, 0x0f, 0x71, 0x20, 0x07, 0x78, 0xa0, 0x07, 0x71,
  0x20, 0x07, 0x78, 0xa0, 0x07, 0x71, 0x20, 0x07, 0x78, 0xd0, 0x06, 0xf6,
  0x10, 0x07, 0x79, 0x20, 0x07, 0x7a, 0x20, 0x07, 0x75, 0x60, 0x07, 0x7a,
  0x20, 0x07, 0x75, 0x60, 0x07, 0x6d, 0x60, 0x0f, 0x72, 0x50, 0x07, 0x76,
  0xa0, 0x07, 0x72, 0x50, 0x07, 0x76, 0xa0, 0x07, 0x72, 0x50, 0x07, 0x76,
  0xd0, 0x06, 0xf6, 0x50, 0x07, 0x71, 0x20, 0x07, 0x7a, 0x50, 0x07, 0x71,
  0x20, 0x07, 0x7a, 0x50, 0x07, 0x71, 0x20, 0x07, 0x6d, 0x60, 0x0f, 0x71,
  0x00, 0x07, 0x72, 0x40, 0x07, 0x7a, 0x10, 0x07, 0x70, 0x20, 0x07, 0x74,
  0xa0, 0x07, 0x71, 0x00, 0x07, 0x72, 0x40, 0x07, 0x6d, 0xe0, 0x0e, 0x78,
  0xa0, 0x07, 0x71, 0x60, 0x07, 0x7a, 0x30, 0x07, 0x72, 0xa0, 0x11, 0xc2,
  0x90, 0x4c, 0x45, 0x44, 0x13, 0x71, 0xb1, 0x07, 0x30, 0x10, 0xd1, 0x90,
  0x08, 0x60, 0x0a, 0x00, 0x00, 0x02, 0x00, 0x00, 0x00, 0x01, 0x00, 0x00,
  0x00, 0x90, 0xd8, 0x20, 0x50, 0x34, 0x60, 0x00, 0x00, 0x20, 0x0b, 0x04,
  0x00, 0x00, 0x00, 0x08, 0x00, 0x00, 0x00, 0x32, 0x1e, 0x98, 0x10, 0x19,
  0x11, 0x4c, 0x90, 0x8c, 0x09, 0x26, 0x47, 0xc6, 0x04, 0x43, 0xc2, 0x22,
  0x28, 0x81, 0x42, 0x18, 0x01, 0x28, 0x83, 0x82, 0xa0, 0x1c, 0x4b, 0xd0,
  0x08, 0x00, 0x00, 0xb1, 0x18, 0x00, 0x00, 0xa5, 0x00, 0x00, 0x00, 0x33,
  0x08, 0x80, 0x1c, 0xc4, 0xe1, 0x1c, 0x66, 0x14, 0x01, 0x3d, 0x88, 0x43,
  0x38, 0x84, 0xc3, 0x8c, 0x42, 0x80, 0x07, 0x79, 0x78, 0x07, 0x73, 0x98,
  0x71, 0x0c, 0xe6, 0x00, 0x0f, 0xed, 0x10, 0x0e, 0xf4, 0x80, 0x0e, 0x33,
  0x0c, 0x42, 0x1e, 0xc2, 0xc1, 0x1d, 0xce, 0xa1, 0x1c, 0x66, 0x30, 0x05,
  0x3d, 0x88, 0x43, 0x38, 0x84, 0x83, 0x1b, 0xcc, 0x03, 0x3d, 0xc8, 0x43,
  0x3d, 0x8c, 0x03, 0x3d, 0xcc, 0x78, 0x8c, 0x74, 0x70, 0x07, 0x7b, 0x08,
  0x07, 0x79, 0x48, 0x87, 0x70, 0x70, 0x07, 0x7a, 0x70, 0x03, 0x76, 0x78,
  0x87, 0x70, 0x20, 0x87, 0x19, 0xcc, 0x11, 0x0e, 0xec, 0x90, 0x0e, 0xe1,
  0x30, 0x0f, 0x6e, 0x30, 0x0f, 0xe3, 0xf0, 0x0e, 0xf0, 0x50, 0x0e, 0x33,
  0x10, 0xc4, 0x1d, 0xde, 0x21, 0x1c, 0xd8, 0x21, 0x1d, 0xc2, 0x61, 0x1e,
  0x66, 0x30, 0x89, 0x3b, 0xbc, 0x83, 0x3b, 0xd0, 0x43, 0x39, 0xb4, 0x03,
  0x3c, 0xbc, 0x83, 0x3c, 0x84, 0x03, 0x3b, 0xcc, 0xf0, 0x14, 0x76, 0x60,
  0x07, 0x7b, 0x68, 0x07, 0x37, 0x68, 0x87, 0x72, 0x68, 0x07, 0x37, 0x80,
  0x87, 0x70, 0x90, 0x87, 0x70, 0x60, 0x07, 0x76, 0x28, 0x07, 0x76, 0xf8,
  0x05, 0x76, 0x78, 0x87, 0x77, 0x80, 0x87, 0x5f, 0x08, 0x87, 0x71, 0x18,
  0x87, 0x72, 0x98, 0x87, 0x79, 0x98, 0x81, 0x2c, 0xee, 0xf0, 0x0e, 0xee,
  0xe0, 0x0e, 0xf5, 0xc0, 0x0e, 0xec, 0x30, 0x03, 0x62, 0xc8, 0xa1, 0x1c,
  0xe4, 0xa1, 0x1c, 0xcc, 0xa1, 0x1c, 0xe4, 0xa1, 0x1c, 0xdc, 0x61, 0x1c,
  0xca, 0x21, 0x1c, 0xc4, 0x81, 0x1d, 0xca, 0x61, 0x06, 0xd6, 0x90, 0x43,
  0x39, 0xc8, 0x43, 0x39, 0x98, 0x43, 0x39, 0xc8, 0x43, 0x39, 0xb8, 0xc3,
  0x38, 0x94, 0x43, 0x38, 0x88, 0x03, 0x3b, 0x94, 0xc3, 0x2f, 0xbc, 0x83,
  0x3c, 0xfc, 0x82, 0x3b, 0xd4, 0x03, 0x3b, 0xb0, 0xc3, 0x0c, 0xc7, 0x69,
  0x87, 0x70, 0x58, 0x87, 0x72, 0x70, 0x83, 0x74, 0x68, 0x07, 0x78, 0x60,
  0x87, 0x74, 0x18, 0x87, 0x74, 0xa0, 0x87, 0x19, 0xce, 0x53, 0x0f, 0xee,
  0x00, 0x0f, 0xf2, 0x50, 0x0e, 0xe4, 0x90, 0x0e, 0xe3, 0x40, 0x0f, 0xe1,
  0x20, 0x0e, 0xec, 0x50, 0x0e, 0x33, 0x20, 0x28, 0x1d, 0xdc, 0xc1, 0x1e,
  0xc2, 0x41, 0x1e, 0xd2, 0x21, 0x1c, 0xdc, 0x81, 0x1e, 0xdc, 0xe0, 0x1c,
  0xe4, 0xe1, 0x1d, 0xea, 0x01, 0x1e, 0x66, 0x18, 0x51, 0x38, 0xb0, 0x43,
  0x3a, 0x9c, 0x83, 0x3b, 0xcc, 0x50, 0x24, 0x76, 0x60, 0x07, 0x7b, 0x68,
  0x07, 0x37, 0x60, 0x87, 0x77, 0x78, 0x07, 0x78, 0x98, 0x51, 0x4c, 0xf4,
  0x90, 0x0f, 0xf0, 0x50, 0x0e, 0x33, 0x1e, 0x6a, 0x1e, 0xca, 0x61, 0x1c,
  0xe8, 0x21, 0x1d, 0xde, 0xc1, 0x1d, 0x7e, 0x01, 0x1e, 0xe4, 0xa1, 0x1c,
  0xcc, 0x21, 0x1d, 0xf0, 0x61, 0x06, 0x54, 0x85, 0x83, 0x38, 0xcc, 0xc3,
  0x3b, 0xb0, 0x43, 0x3d, 0xd0, 0x43, 0x39, 0xfc, 0xc2, 0x3c, 0xe4, 0x43,
  0x3b, 0x88, 0xc3, 0x3b, 0xb0, 0xc3, 0x8c, 0xc5, 0x0a, 0x87, 0x79, 0x98,
  0x87, 0x77, 0x18, 0x87, 0x74, 0x08, 0x07, 0x7a, 0x28, 0x07, 0x72, 0x98,
  0x81, 0x5c, 0xe3, 0x10, 0x0e, 0xec, 0xc0, 0x0e, 0xe5, 0x50, 0x0e, 0xf3,
  0x30, 0x23, 0xc1, 0xd2, 0x41, 0x1e, 0xe4, 0xe1, 0x17, 0xd8, 0xe1, 0x1d,
  0xde, 0x01, 0x1e, 0x66, 0x48, 0x19, 0x3b, 0xb0, 0x83, 0x3d, 0xb4, 0x83,
  0x1b, 0x84, 0xc3, 0x38, 0x8c, 0x43, 0x39, 0xcc, 0xc3, 0x3c, 0xb8, 0xc1,
  0x39, 0xc8, 0xc3, 0x3b, 0xd4, 0x03, 0x3c, 0xcc, 0x48, 0xb4, 0x71, 0x08,
  0x07, 0x76, 0x60, 0x07, 0x71, 0x08, 0x87, 0x71, 0x58, 0x87, 0x19, 0xdb,
  0xc6, 0x0e, 0xec, 0x60, 0x0f, 0xed, 0xe0, 0x06, 0xf0, 0x20, 0x0f, 0xe5,
  0x30, 0x0f, 0xe5, 0x20, 0x0f, 0xf6, 0x50, 0x0e, 0x6e, 0x10, 0x0e, 0xe3,
  0x30, 0x0e, 0xe5, 0x30, 0x0f, 0xf3, 0xe0, 0x06, 0xe9, 0xe0, 0x0e, 0xe4,
  0x50, 0x0e, 0xf8, 0x30, 0x23, 0xe2, 0xec, 0x61, 0x1c, 0xc2, 0x81, 0x1d,
  0xd8, 0xe1, 0x17, 0xec, 0x21, 0x1d, 0xe6, 0x21, 0x1d, 0xc4, 0x21, 0x1d,
  0xd8, 0x21, 0x1d, 0xe8, 0x21, 0x1f, 0x66, 0x20, 0x9d, 0x3b, 0xbc, 0x43,
  0x3d, 0xb8, 0x03, 0x39, 0x94, 0x83, 0x39, 0xcc, 0x58, 0xbc, 0x70, 0x70,
  0x07, 0x77, 0x78, 0x07, 0x7a, 0x08, 0x07, 0x7a, 0x48, 0x87, 0x77, 0x70,
  0x87, 0x19, 0xce, 0x87, 0x0e, 0xe5, 0x10, 0x0e, 0xf0, 0x10, 0x0e, 0xec,
  0xc0, 0x0e, 0xef, 0x30, 0x0e, 0xf3, 0x90, 0x0e, 0xf4, 0x50, 0x0e, 0x33,
  0x28, 0x30, 0x08, 0x87, 0x74, 0x90, 0x07, 0x37, 0x30, 0x87, 0x7a, 0x70,
  0x87, 0x71, 0xa0, 0x87, 0x74, 0x78, 0x07, 0x77, 0xf8, 0x85, 0x73, 0x90,
  0x87, 0x77, 0xa8, 0x07, 0x78, 0x98, 0x07, 0x00, 0x00, 0x00, 0x00, 0x79,
  0x20, 0x00, 0x00, 0xd6, 0x00, 0x00, 0x00, 0x32, 0x9a, 0x08, 0x14, 0x02,
  0x85, 0x8c, 0x27, 0x46, 0x46, 0xc8, 0x11, 0x32, 0x64, 0xd4, 0x3e, 0xae,
  0x7e, 0x00, 0x00, 0x8b, 0x12, 0x07, 0xc5, 0xc6, 0x91, 0x01, 0x13, 0x19,
  0xcc, 0x10, 0x55, 0x06, 0x81, 0x1d, 0x93, 0x00, 0x49, 0x9e, 0x61, 0x28,
  0x0f, 0x12, 0x5d, 0x08, 0x00, 0x00, 0x00, 0x53, 0x44, 0x4b, 0x20, 0x56,
  0x65, 0x72, 0x73, 0x69, 0x6f, 0x6e, 0x77, 0x63, 0x68, 0x61, 0x72, 0x5f,
  0x73, 0x69, 0x7a, 0x65, 0x41, 0x70, 0x70, 0x6c, 0x65, 0x20, 0x6d, 0x65,
  0x74, 0x61, 0x6c, 0x20, 0x76, 0x65, 0x72, 0x73, 0x69, 0x6f, 0x6e, 0x20,
  0x33, 0x32, 0x30, 0x32, 0x33, 0x2e, 0x38, 0x38, 0x33, 0x20, 0x28, 0x6d,
  0x65, 0x74, 0x61, 0x6c, 0x66, 0x65, 0x2d, 0x33, 0x32, 0x30, 0x32, 0x33,
  0x2e, 0x38, 0x38, 0x33, 0x29, 0x4d, 0x65, 0x74, 0x61, 0x6c, 0x61, 0x69,
  0x72, 0x2e, 0x63, 0x6f, 0x6d, 0x70, 0x69, 0x6c, 0x65, 0x2e, 0x64, 0x65,
  0x6e, 0x6f, 0x72, 0x6d, 0x73, 0x5f, 0x64, 0x69, 0x73, 0x61, 0x62, 0x6c,
  0x65, 0x61, 0x69, 0x72, 0x2e, 0x63, 0x6f, 0x6d, 0x70, 0x69, 0x6c, 0x65,
  0x2e, 0x66, 0x61, 0x73, 0x74, 0x5f, 0x6d, 0x61, 0x74, 0x68, 0x5f, 0x65,
  0x6e, 0x61, 0x62, 0x6c, 0x65, 0x61, 0x69, 0x72, 0x2e, 0x63, 0x6f, 0x6d,
  0x70, 0x69, 0x6c, 0x65, 0x2e, 0x66, 0x72, 0x61, 0x6d, 0x65, 0x62, 0x75,
  0x66, 0x66, 0x65, 0x72, 0x5f, 0x66, 0x65, 0x74, 0x63, 0x68, 0x5f, 0x65,
  0x6e, 0x61, 0x62, 0x6c, 0x65, 0x61, 0x69, 0x72, 0x2e, 0x70, 0x6f, 0x73,
  0x69, 0x74, 0x69, 0x6f, 0x6e, 0x61, 0x69, 0x72, 0x2e, 0x61, 0x72, 0x67,
  0x5f, 0x74, 0x79, 0x70, 0x65, 0x5f, 0x6e, 0x61, 0x6d, 0x65, 0x66, 0x6c,
  0x6f, 0x61, 0x74, 0x34, 0x61, 0x69, 0x72, 0x2e, 0x61, 0x72, 0x67, 0x5f,
  0x6e, 0x61, 0x6d, 0x65, 0x70, 0x6f, 0x73, 0x61, 0x69, 0x72, 0x2e, 0x76,
  0x65, 0x72, 0x74, 0x65, 0x78, 0x5f, 0x6f, 0x75, 0x74, 0x70, 0x75, 0x74,
  0x67, 0x65, 0x6e, 0x65, 0x72, 0x61, 0x74, 0x65, 0x64, 0x28, 0x34, 0x66,
  0x70, 0x6f, 0x73, 0x44, 0x76, 0x32, 0x5f, 0x66, 0x29, 0x66, 0x6c, 0x6f,
  0x61, 0x74, 0x32, 0x66, 0x70, 0x6f, 0x73, 0x67, 0x65, 0x6e, 0x65, 0x72,
  0x61, 0x74, 0x65, 0x64, 0x28, 0x37, 0x66, 0x74, 0x63, 0x6f, 0x6f, 0x72,
  0x64, 0x44, 0x76, 0x32, 0x5f, 0x66, 0x29, 0x66, 0x74, 0x63, 0x6f, 0x6f,
  0x72, 0x64, 0x67, 0x65, 0x6e, 0x65, 0x72, 0x61, 0x74, 0x65, 0x64, 0x28,
  0x32, 0x75, 0x76, 0x44, 0x76, 0x32, 0x5f, 0x66, 0x29, 0x75, 0x76, 0x61,
  0x69, 0x72, 0x2e, 0x76, 0x65, 0x72, 0x74, 0x65, 0x78, 0x5f, 0x69, 0x6e,
  0x70, 0x75, 0x74, 0x61, 0x69, 0x72, 0x2e, 0x6c, 0x6f, 0x63, 0x61, 0x74,
  0x69, 0x6f, 0x6e, 0x5f, 0x69, 0x6e, 0x64, 0x65, 0x78, 0x67, 0x65, 0x6e,
  0x65, 0x72, 0x61, 0x74, 0x65, 0x64, 0x28, 0x5f, 0x5f, 0x61, 0x69, 0x72,
  0x5f, 0x70, 0x6c, 0x61, 0x63, 0x65, 0x68, 0x6f, 0x6c, 0x64, 0x65, 0x72,
  0x5f, 0x5f, 0x29, 0x74, 0x63, 0x6f, 0x6f, 0x72, 0x64, 0x6c, 0x63, 0x6f,
  0x6f, 0x72, 0x64, 0x61, 0x69, 0x72, 0x2e, 0x62, 0x75, 0x66, 0x66, 0x65,
  0x72, 0x61, 0x69, 0x72, 0x2e, 0x62, 0x75, 0x66, 0x66, 0x65, 0x72, 0x5f,
  0x73, 0x69, 0x7a, 0x65, 0x61, 0x69, 0x72, 0x2e, 0x72, 0x65, 0x61, 0x64,
  0x61, 0x69, 0x72, 0x2e, 0x61, 0x72, 0x67, 0x5f, 0x74, 0x79, 0x70, 0x65,
  0x5f, 0x73, 0x69, 0x7a, 0x65, 0x61, 0x69, 0x72, 0x2e, 0x61, 0x72, 0x67,
  0x5f, 0x74, 0x79, 0x70, 0x65, 0x5f, 0x61, 0x6c, 0x69, 0x67, 0x6e, 0x5f,
  0x73, 0x69, 0x7a, 0x65, 0x76, 0x69, 0x65, 0x77, 0x53, 0x69, 0x7a, 0x65,
  0x00, 0x00, 0x00, 0xe4, 0x52, 0x00, 0x00, 0x00, 0x00, 0x00, 0x00, 0x30,
  0x82, 0x80, 0x04, 0x23, 0x08, 0xc9, 0x31, 0x82, 0x80, 0x08, 0x23, 0x08,
  0xc8, 0x30, 0x82, 0x80, 0x10, 0x23, 0x08, 0x06, 0x30, 0x82, 0x80, 0x14,
  0x23, 0x08, 0x88, 0x31, 0xc3, 0x00, 0x06, 0x41, 0x18, 0xcc, 0x30, 0x88,
  0x81, 0x30, 0x06, 0x33, 0x04, 0xc3, 0x0c, 0x03, 0x18, 0x80, 0x01, 0x19,
  0xcc, 0x40, 0x10, 0x60, 0x00, 0x06, 0x64, 0x30, 0x43, 0x50, 0xcc, 0x10,
  0x18, 0x33, 0x04, 0xc7, 0x0c, 0x05, 0x92, 0x28, 0x0b, 0x33, 0x83, 0xd1,
  0x38, 0xc9, 0xb3, 0x40, 0x33, 0x18, 0x4d, 0x94, 0x3c, 0x8b, 0x34, 0x83,
  0xd1, 0x4c, 0xc9, 0xb3, 0x50, 0x33, 0x10, 0x70, 0x10, 0x07, 0x72, 0x30,
  0x07, 0x33, 0x28, 0x64, 0x50, 0x59, 0x64, 0x20, 0x06, 0x57, 0xf2, 0x2c,
  0xcc, 0x0c, 0x8a, 0x18, 0x54, 0x96, 0x18, 0x88, 0xc1, 0x95, 0x3c, 0x0b,
  0x36, 0x83, 0x02, 0x06, 0x95, 0x05, 0x06, 0x62, 0x70, 0x25, 0xcf, 0x92,
  0xcd, 0x00, 0x99, 0x81, 0xb6, 0x9d, 0x81, 0x25, 0x06, 0x62, 0xc0, 0x75,
  0x67, 0xe0, 0x9d, 0x41, 0xf2, 0x2c, 0xdf, 0x0c, 0x44, 0x1d, 0xd8, 0xc1,
  0x1d, 0xe0, 0xc1, 0x0c, 0x43, 0x19, 0xd0, 0x41, 0x1e, 0xd4, 0x06, 0x70,
  0x1c, 0xc7, 0x71, 0x1c, 0xc7, 0xb9, 0x81, 0x1b, 0x58, 0x74, 0xa0, 0x07,
  0x96, 0x65, 0xb9, 0x01, 0x1d, 0xd0, 0x01, 0x1d, 0x80, 0x82, 0x2f, 0xf8,
  0x82, 0x2f, 0xd0, 0x04, 0x28, 0xc8, 0x48, 0x60, 0x82, 0x2e, 0x62, 0x63,
  0xb3, 0x6b, 0x73, 0x69, 0x7b, 0x23, 0xab, 0x63, 0x2b, 0x73, 0x31, 0x63,
  0x0b, 0x3b, 0x9b, 0x1b, 0x45, 0x38, 0x03, 0x34, 0x38, 0x85, 0x8d, 0xcd,
  0xae, 0xcd, 0x25, 0x8d, 0xac, 0xcc, 0x8d, 0x6e, 0x94, 0x20, 0x0d, 0x6e,
  0x09, 0x4b, 0x93, 0x73, 0xb1, 0x2b, 0x93, 0x9b, 0x4b, 0x7b, 0x73, 0x1b,
  0x25, 0x50, 0x83, 0xa3, 0xc2, 0xd2, 0xe4, 0x5c, 0xd8, 0xc2, 0xdc, 0xce,
  0xea, 0xc2, 0xce, 0xca, 0xbe, 0xec, 0xca, 0xe4, 0xe6, 0xd2, 0xde, 0xdc,
  0x46, 0x09, 0xd6, 0xe0, 0xa6, 0xb0, 0x34, 0x39, 0x97, 0xb1, 0xb7, 0x36,
  0xb8, 0x34, 0xb6, 0xb2, 0xaf, 0x37, 0x38, 0xba, 0xb4, 0x37, 0xb7, 0xb9,
  0x51, 0x06, 0x36, 0x68, 0x03, 0x37, 0x38, 0x25, 0x2c, 0x4d, 0xce, 0xc5,
  0xae, 0x4c, 0x8e, 0xae, 0x0c, 0x6f, 0x94, 0x20, 0x0f, 0x00, 0x00, 0xa9,
  0x18, 0x00, 0x00, 0x25, 0x00, 0x00, 0x00, 0x0b, 0x0a, 0x72, 0x28, 0x87,
  0x77, 0x80, 0x07, 0x7a, 0x58, 0x70, 0x98, 0x43, 0x3d, 0xb8, 0xc3, 0x38,
  0xb0, 0x43, 0x39, 0xd0, 0xc3, 0x82, 0xe6, 0x1c, 0xc6, 0xa1, 0x0d, 0xe8,
  0x41, 0x1e, 0xc2, 0xc1, 0x1d, 0xe6, 0x21, 0x1d, 0xe8, 0x21, 0x1d, 0xde,
  0xc1, 0x1d, 0x16, 0x34, 0xe3, 0x60, 0x0e, 0xe7, 0x50, 0x0f, 0xe1, 0x20,
  0x0f, 0xe4, 0x40, 0x0f, 0xe1, 0x20, 0x0f, 0xe7, 0x50, 0x0e, 0xf4, 0xb0,
  0x80, 0x81, 0x07, 0x79, 0x28, 0x87, 0x70, 0x60, 0x07, 0x76, 0x78, 0x87,
  0x71, 0x08, 0x07, 0x7a, 0x28, 0x07, 0x72, 0x58, 0x70, 0x9c, 0xc3, 0x38,
  0xb4, 0x01, 0x3b, 0xa4, 0x83, 0x3d, 0x94, 0xc3, 0x02, 0x6b, 0x1c, 0xd8,
  0x21, 0x1c, 0xdc, 0xe1, 0x1c, 0xdc, 0x20, 0x1c, 0xe4, 0x61, 0x1c, 0xdc,
  0x20, 0x1c, 0xe8, 0x81, 0x1e, 0xc2, 0x61, 0x1c, 0xd0, 0xa1, 0x1c, 0xc8,
  0x61, 0x1c, 0xc2, 0x81, 0x1d, 0xd8, 0x61, 0xc1, 0x01, 0x0f, 0xf4, 0x20,
  0x0f, 0xe1, 0x50, 0x0f, 0xf4, 0x80, 0x0e, 0x00, 0x00, 0x00, 0x00, 0xd1,
  0x10, 0x00, 0x00, 0x06, 0x00, 0x00, 0x00, 0x07, 0xcc, 0x3c, 0xa4, 0x83,
  0x3b, 0x9c, 0x03, 0x3b, 0x94, 0x03, 0x3d, 0xa0, 0x83, 0x3c, 0x94, 0x43,
  0x38, 0x90, 0xc3, 0x01, 0x00, 0x00, 0x00, 0x61, 0x20, 0x00, 0x00, 0x3d,
  0x00, 0x00, 0x00, 0x13, 0x04, 0x41, 0x2c, 0x10, 0x00, 0x00, 0x00, 0x0d,
  0x00, 0x00, 0x00, 0xa4, 0x23, 0x00, 0x25, 0x40, 0x30, 0x46, 0x00, 0x82,
  0x20, 0x08, 0x82, 0xc1, 0x18, 0x01, 0x08, 0x82, 0x20, 0xfe, 0xcd, 0x00,
  0x8c, 0x11, 0x80, 0x20, 0x08, 0xe2, 0xbf, 0x30, 0x02, 0x40, 0x31, 0x07,
  0x01, 0x41, 0xd2, 0x43, 0x32, 0x96, 0x00, 0x82, 0x20, 0x08, 0x7f, 0x20,
  0x08, 0x82, 0xf0, 0x47, 0x33, 0x03, 0x00, 0xf1, 0x30, 0x00, 0x00, 0x15,
  0x00, 0x00, 0x00, 0x22, 0x47, 0xc8, 0x90, 0x51, 0x0a, 0x04, 0x1e, 0x00,
  0x00, 0x00, 0x00, 0x9e, 0x05, 0x00, 0x00, 0x61, 0x69, 0x72, 0x2d, 0x61,
  0x6c, 0x69, 0x61, 0x73, 0x2d, 0x73, 0x63, 0x6f, 0x70, 0x65, 0x73, 0x28,
  0x76, 0x65, 0x72, 0x74, 0x65, 0x78, 0x53, 0x68, 0x61, 0x64, 0x65, 0x72,
  0x29, 0x61, 0x69, 0x72, 0x2d, 0x61, 0x6c, 0x69, 0x61, 0x73, 0x2d, 0x73,
  0x63, 0x6f, 0x70, 0x65, 0x2d, 0x61, 0x72, 0x67, 0x28, 0x33, 0x29, 0x2b,
  0x84, 0x3e, 0xd8, 0x83, 0x15, 0x83, 0x1f, 0xf4, 0x01, 0x1f, 0x6c, 0x08,
  0xfc, 0x00, 0x00, 0xc6, 0x08, 0xe2, 0x3f, 0x86, 0xf0, 0x2c, 0x16, 0x28,
  0xe2, 0x4f, 0x8e, 0x90, 0x31, 0x84, 0xc0, 0xb1, 0x21, 0x20, 0x7f, 0x0b,
  0x16, 0xf0, 0x1f, 0x43, 0xa8, 0x20, 0x0b, 0x20, 0xf1, 0x1f, 0x43, 0x30,
  0x24, 0x13, 0x02, 0xf2, 0x37, 0x29, 0x08, 0xff, 0x39, 0x86, 0xc7, 0xb0,
  0xe6, 0x18, 0x02, 0xc1, 0x9a, 0x6d, 0x78, 0x02, 0x60, 0xb6, 0x21, 0xe8,
  0x82, 0xd9, 0x86, 0xa0, 0x13, 0x66, 0x1b, 0x82, 0x68, 0xc8, 0x20, 0x20,
  0x06, 0x00, 0x00, 0x02, 0x00, 0x00, 0x00, 0x5b, 0x86, 0xe1, 0xf0, 0x03,
  0x00, 0x00, 0x00, 0x00, 0x00, 0x00, 0x00, 0x71, 0x20, 0x00, 0x00, 0x03,
  0x00, 0x00, 0x00, 0x32, 0x0e, 0x10, 0x22, 0x84, 0x00, 0xc2, 0x05, 0x00,
  0x00, 0x00, 0x00, 0x00, 0x00, 0x00, 0x00, 0x65, 0x0c, 0x00, 0x00, 0x1f,
  0x00, 0x00, 0x00, 0x12, 0x03, 0x94, 0xf0, 0x00, 0x00, 0x00, 0x00, 0x03,
  0x00, 0x00, 0x00, 0x0c, 0x00, 0x00, 0x00, 0x09, 0x00, 0x00, 0x00, 0x4c,
  0x00, 0x00, 0x00, 0x01, 0x00, 0x00, 0x00, 0x58, 0x00, 0x00, 0x00, 0x00,
  0x00, 0x00, 0x00, 0x58, 0x00, 0x00, 0x00, 0x01, 0x00, 0x00, 0x00, 0x70,
  0x00, 0x00, 0x00, 0x00, 0x00, 0x00, 0x00, 0x15, 0x00, 0x00, 0x00, 0x15,
  0x00, 0x00, 0x00, 0x00, 0x00, 0x00, 0x00, 0x0c, 0x00, 0x00, 0x00, 0x2a,
  0x00, 0x00, 0x00, 0x00, 0x00, 0x00, 0x00, 0x70, 0x00, 0x00, 0x00, 0x00,
  0x00, 0x00, 0x00, 0x00, 0x00, 0x00, 0x00, 0x01, 0x00, 0x00, 0x00, 0x00,
  0x00, 0x00, 0x00, 0x00, 0x00, 0x00, 0x00, 0x0c, 0x00, 0x00, 0x00, 0x00,
  0x00, 0x00, 0x00, 0x0c, 0x00, 0x00, 0x00, 0xff, 0xff, 0xff, 0xff, 0x00,
  0x24, 0x00, 0x00, 0x00, 0x00, 0x00, 0x00, 0x5d, 0x0c, 0x00, 0x00, 0x0e,
  0x00, 0x00, 0x00, 0x12, 0x03, 0x94, 0x6a, 0x00, 0x00, 0x00, 0x00, 0x76,
  0x65, 0x72, 0x74, 0x65, 0x78, 0x53, 0x68, 0x61, 0x64, 0x65, 0x72, 0x33,
  0x32, 0x30, 0x32, 0x33, 0x2e, 0x38, 0x38, 0x33, 0x61, 0x69, 0x72, 0x36,
  0x34, 0x2d, 0x61, 0x70, 0x70, 0x6c, 0x65, 0x2d, 0x69, 0x6f, 0x73, 0x31,
  0x33, 0x2e, 0x30, 0x2e, 0x30, 0x00, 0x00, 0x00, 0x00, 0x00, 0x00, 0x00,
  0x00, 0x00, 0x00, 0x00, 0x00, 0x00, 0x00, 0x00, 0x00, 0x00, 0x00, 0xde,
  0xc0, 0x17, 0x0b, 0x00, 0x00, 0x00, 0x00, 0x14, 0x00, 0x00, 0x00, 0x3c,
  0x1d, 0x00, 0x00, 0xff, 0xff, 0xff, 0xff, 0x42, 0x43, 0xc0, 0xde, 0x35,
  0x14, 0x00, 0x00, 0x03, 0x00, 0x00, 0x00, 0x62, 0x0c, 0x30, 0x24, 0x80,
  0x10, 0x05, 0xc8, 0x14, 0x00, 0x00, 0x00, 0x21, 0x0c, 0x00, 0x00, 0x64,
  0x06, 0x00, 0x00, 0x0b, 0x02, 0x21, 0x00, 0x02, 0x00, 0x00, 0x00, 0x13,
  0x00, 0x00, 0x00, 0x07, 0x81, 0x23, 0x91, 0x41, 0xc8, 0x04, 0x49, 0x06,
  0x10, 0x32, 0x39, 0x92, 0x01, 0x84, 0x0c, 0x25, 0x05, 0x08, 0x19, 0x1e,
  0x04, 0x8b, 0x62, 0x80, 0x18, 0x45, 0x02, 0x42, 0x92, 0x0b, 0x42, 0xc4,
  0x10, 0x32, 0x14, 0x38, 0x08, 0x18, 0x4b, 0x0a, 0x32, 0x62, 0x88, 0x48,
  0x90, 0x14, 0x20, 0x43, 0x46, 0x88, 0xa5, 0x00, 0x19, 0x32, 0x42, 0x04,
  0x49, 0x0e, 0x90, 0x11, 0x23, 0xc4, 0x50, 0x41, 0x51, 0x81, 0x8c, 0xe1,
  0x83, 0xe5, 0x8a, 0x04, 0x31, 0x46, 0x06, 0x51, 0x18, 0x00, 0x00, 0xfb,
  0x00, 0x00, 0x00, 0x1b, 0x7e, 0x24, 0xf8, 0xff, 0xff, 0xff, 0xff, 0x01,
  0x58, 0x03, 0x40, 0x22, 0xc2, 0x01, 0x1e, 0xe0, 0x41, 0x1e, 0xde, 0x01,
  0x1f, 0xda, 0xc0, 0x1c, 0xea, 0xc1, 0x1d, 0xc6, 0xa1, 0x0d, 0xcc, 0x01,
  0x1e, 0xda, 0xa0, 0x1d, 0xc2, 0x81, 0x1e, 0xd0, 0x01, 0xa0, 0x07, 0x79,
  0xa8, 0x87, 0x72, 0x00, 0x88, 0x76, 0x48, 0x07, 0x77, 0x68, 0x03, 0x76,
  0x28, 0x87, 0x73, 0x08, 0x07, 0x76, 0x68, 0x03, 0x7b, 0x28, 0x87, 0x71,
  0xa0, 0x87, 0x77, 0x90, 0x87, 0x36, 0xb8, 0x87, 0x74, 0x20, 0x07, 0x7a,
  0x40, 0x07, 0x20, 0x0e, 0xe4, 0x00, 0x0f, 0x80, 0xc1, 0x1d, 0xde, 0xa1,
  0x0d, 0xc4, 0xa1, 0x1e, 0xd2, 0x81, 0x1d, 0xe8, 0x21, 0x1d, 0xdc, 0x61,
  0x1e, 0x00, 0xc2, 0x1d, 0xde, 0xa1, 0x0d, 0xcc, 0x41, 0x1e, 0xc2, 0xa1,
  0x1d, 0xca, 0xa1, 0x0d, 0xe0, 0xe1, 0x1d, 0xd2, 0xc1, 0x1d, 0xe8, 0xa1,
  0x1c, 0xe4, 0xa1, 0x0d, 0xca, 0x81, 0x1d, 0xd2, 0xa1, 0x1d, 0x00, 0x7a,
  0x90, 0x87, 0x7a, 0x28, 0x07, 0x80, 0x70, 0x87, 0x77, 0x68, 0x03, 0x73,
  0x90, 0x87, 0x70, 0x68, 0x87, 0x72, 0x68, 0x03, 0x78, 0x78, 0x87, 0x74,
  0x70, 0x07, 0x7a, 0x28, 0x07, 0x79, 0x68, 0x83, 0x72, 0x60, 0x87, 0x74,
  0x68, 0x87, 0x36, 0x70, 0x87, 0x77, 0x70, 0x87, 0x36, 0x60, 0x87, 0x72,
  0x08, 0x07, 0x73, 0x00, 0xe8, 0x41, 0x1e, 0xea, 0xa1, 0x1c, 0x00, 0xc2,
  0x1d, 0xde, 0xa1, 0x0d, 0xd2, 0xc1, 0x1d, 0xcc, 0x61, 0x1e, 0xda, 0xc0,
  0x1c, 0xe0, 0xa1, 0x0d, 0xda, 0x21, 0x1c, 0xe8, 0x01, 0x1d, 0x00, 0x7a,
  0x90, 0x87, 0x7a, 0x28, 0x07, 0x80, 0x70, 0x87, 0x77, 0x68, 0x03, 0x77,
  0x08, 0x07, 0x77, 0x98, 0x87, 0x36, 0x30, 0x07, 0x78, 0x68, 0x83, 0x76,
  0x08, 0x07, 0x7a, 0x40, 0x07, 0x80, 0x1e, 0xe4, 0xa1, 0x1e, 0xca, 0x01,
  0x20, 0xdc, 0xe1, 0x1d, 0xda, 0x60, 0x1e, 0xd2, 0xe1, 0x1c, 0xdc, 0xa1,
  0x1c, 0xc8, 0xa1, 0x0d, 0xf4, 0xa1, 0x1c, 0xe4, 0xe1, 0x1d, 0xe6, 0xa1,
  0x0d, 0xcc, 0x01, 0x1e, 0xda, 0xa0, 0x1d, 0xc2, 0x81, 0x1e, 0xd0, 0x01,
  0xa0, 0x07, 0x79, 0xa8, 0x87, 0x72, 0x00, 0x08, 0x77, 0x78, 0x87, 0x36,
  0xa0, 0x07, 0x79, 0x08, 0x07, 0x78, 0x80, 0x87, 0x74, 0x70, 0x87, 0x73,
  0x68, 0x83, 0x76, 0x08, 0x07, 0x7a, 0x40, 0x07, 0x80, 0x1e, 0xe4, 0xa1,
  0x1e, 0xca, 0x01, 0x20, 0xe6, 0x81, 0x1e, 0xc2, 0x61, 0x1c, 0xd6, 0xa1,
  0x0d, 0xe0, 0x41, 0x1e, 0xde, 0x81, 0x1e, 0xca, 0x61, 0x1c, 0xe8, 0xe1,
  0x1d, 0xe4, 0xa1, 0x0d, 0xc4, 0xa1, 0x1e, 0xcc, 0xc1, 0x1c, 0xca, 0x41,
  0x1e, 0xda, 0x60, 0x1e, 0xd2, 0x41, 0x1f, 0xca, 0x01, 0xc0, 0x03, 0x80,
  0xa8, 0x07, 0x77, 0x98, 0x87, 0x70, 0x30, 0x87, 0x72, 0x68, 0x03, 0x73,
  0x80, 0x87, 0x36, 0x68, 0x87, 0x70, 0xa0, 0x07, 0x74, 0x00, 0xe8, 0x41,
  0x1e, 0xea, 0xa1, 0x1c, 0x80, 0x0d, 0x61, 0x20, 0x14, 0xc0, 0x02, 0x54,
  0x41, 0x00, 0x05, 0x69, 0x40, 0x17, 0x43, 0x38, 0xa4, 0x83, 0x3c, 0xb4,
  0x81, 0x38, 0xd4, 0x83, 0x39, 0x98, 0x43, 0x39, 0xc8, 0x43, 0x1b, 0xb8,
  0xc3, 0x3b, 0xb4, 0x41, 0x38, 0xb0, 0x43, 0x3a, 0x84, 0xc3, 0x3c, 0x00,
  0x1b, 0x8c, 0xe1, 0x00, 0x16, 0xa0, 0xda, 0xa0, 0x10, 0xff, 0xff, 0xff,
  0xff, 0x3f, 0x00, 0x6d, 0x00, 0xac, 0x01, 0x20, 0x01, 0xd5, 0x06, 0xa3,
  0x08, 0x80, 0x05, 0xa8, 0x36, 0x18, 0x86, 0x00, 0x2c, 0x40, 0xb5, 0xc1,
  0x38, 0xfe, 0xff, 0xff, 0xff, 0x7f, 0x00, 0x24, 0x80, 0xda, 0x40, 0x20,
  0xff, 0xff, 0xff, 0xff, 0x3f, 0x00, 0xd2, 0x06, 0x1f, 0x49, 0xfe, 0xff,
  0xff, 0xff, 0x7f, 0x00, 0x24, 0x80, 0x22, 0xc2, 0x01, 0x1e, 0xe0, 0x41,
  0x1e, 0xde, 0x01, 0x1f, 0xda, 0xc0, 0x1c, 0xea, 0xc1, 0x1d, 0xc6, 0xa1,
  0x0d, 0xcc, 0x01, 0x1e, 0xda, 0xa0, 0x1d, 0xc2, 0x81, 0x1e, 0xd0, 0x01,
  0xa0, 0x07, 0x79, 0xa8, 0x87, 0x72, 0x00, 0x88, 0x76, 0x48, 0x07, 0x77,
  0x68, 0x03, 0x76, 0x28, 0x87, 0x73, 0x08, 0x07, 0x76, 0x68, 0x03, 0x7b,
  0x28, 0x87, 0x71, 0xa0, 0x87, 0x77, 0x90, 0x87, 0x36, 0xb8, 0x87, 0x74,
  0x20, 0x07, 0x7a, 0x40, 0x07, 0xc0, 0x0e, 0xe8, 0x00, 0x18, 0xdc, 0xe1,
  0x1d, 0xda, 0x40, 0x1c, 0xea, 0x21, 0x1d, 0xd8, 0x81, 0x1e, 0xd2, 0xc1,
  0x1d, 0xe6, 0x01, 0x20, 0xdc, 0xe1, 0x1d, 0xda, 0xc0, 0x1c, 0xe4, 0x21,
  0x1c, 0xda, 0xa1, 0x1c, 0xda, 0x00, 0x1e, 0xde, 0x21, 0x1d, 0xdc, 0x81,
  0x1e, 0xca, 0x41, 0x1e, 0xda, 0xa0, 0x1c, 0xd8, 0x21, 0x1d, 0xda, 0x01,
  0xa0, 0x07, 0x79, 0xa8, 0x87, 0x72, 0x00, 0x08, 0x77, 0x78, 0x87, 0x36,
  0x30, 0x07, 0x79, 0x08, 0x87, 0x76, 0x28, 0x87, 0x36, 0x80, 0x87, 0x77,
  0x48, 0x07, 0x77, 0xa0, 0x87, 0x72, 0x90, 0x87, 0x36, 0x28, 0x07, 0x76,
  0x48, 0x87, 0x76, 0x68, 0x03, 0x77, 0x78, 0x07, 0x77, 0x68, 0x03, 0x76,
  0x28, 0x87, 0x70, 0x30, 0x07, 0x80, 0x1e, 0xe4, 0xa1, 0x1e, 0xca, 0x01,
  0x20, 0xdc, 0xe1, 0x1d, 0xda, 0x20, 0x1d, 0xdc, 0xc1, 0x1c, 0xe6, 0xa1,
  0x0d, 0xcc, 0x01, 0x1e, 0xda, 0xa0, 0x1d, 0xc2, 0x81, 0x1e, 0xd0, 0x01,
  0xa0, 0x07, 0x79, 0xa8, 0x87, 0x72, 0x00, 0x08, 0x77, 0x78, 0x87, 0x36,
  0x70, 0x87, 0x70, 0x70, 0x87, 0x79, 0x68, 0x03, 0x73, 0x80, 0x87, 0x36,
  0x68, 0x87, 0x70, 0xa0, 0x07, 0x74, 0x00, 0xe8, 0x41, 0x1e, 0xea, 0xa1,
  0x1c, 0x00, 0xc2, 0x1d, 0xde, 0xa1, 0x0d, 0xe6, 0x21, 0x1d, 0xce, 0xc1,
  0x1d, 0xca, 0x81, 0x1c, 0xda, 0x40, 0x1f, 0xca, 0x41, 0x1e, 0xde, 0x61,
  0x1e, 0xda, 0xc0, 0x1c, 0xe0, 0xa1, 0x0d, 0xda, 0x21, 0x1c, 0xe8, 0x01,
  0x1d, 0x00, 0x7a, 0x90, 0x87, 0x7a, 0x28, 0x07, 0x80, 0x70, 0x87, 0x77,
  0x68, 0x03, 0x7a, 0x90, 0x87, 0x70, 0x80, 0x07, 0x78, 0x48, 0x07, 0x77,
  0x38, 0x87, 0x36, 0x68, 0x87, 0x70, 0xa0, 0x07, 0x74, 0x00, 0xe8, 0x41,
  0x1e, 0xea, 0xa1, 0x1c, 0x00, 0x62, 0x1e, 0xe8, 0x21, 0x1c, 0xc6, 0x61,
  0x1d, 0xda, 0x00, 0x1e, 0xe4, 0xe1, 0x1d, 0xe8, 0xa1, 0x1c, 0xc6, 0x81,
  0x1e, 0xde, 0x41, 0x1e, 0xda, 0x40, 0x1c, 0xea, 0xc1, 0x1c, 0xcc, 0xa1,
  0x1c, 0xe4, 0xa1, 0x0d, 0xe6, 0x21, 0x1d, 0xf4, 0xa1, 0x1c, 0x00, 0x3c,
  0x00, 0x88, 0x7a, 0x70, 0x87, 0x79, 0x08, 0x07, 0x73, 0x28, 0x87, 0x36,
  0x30, 0x07, 0x78, 0x68, 0x83, 0x76, 0x08, 0x07, 0x7a, 0x40, 0x07, 0x80,
  0x1e, 0xe4, 0xa1, 0x1e, 0xca, 0x01, 0xd8, 0xc0, 0x28, 0x01, 0xb0, 0x00,
  0x55, 0x10, 0x40, 0x41, 0x1a, 0xd0, 0xc5, 0x06, 0x63, 0xf9, 0xff, 0xff,
  0xff, 0xff, 0x01, 0x90, 0x00, 0x6a, 0x03, 0xc1, 0xfc, 0xff, 0xff, 0xff,
  0xff, 0x00, 0x48, 0x1b, 0xa2, 0xe6, 0xff, 0xff, 0xff, 0xff, 0x07, 0x40,
  0x19, 0xdc, 0xe1, 0x1d, 0xda, 0x40, 0x1c, 0xea, 0x21, 0x1d, 0xd8, 0x81,
  0x1e, 0xd2, 0xc1, 0x1d, 0xe6, 0x01, 0xd8, 0x80, 0x38, 0x41, 0x10, 0x40,
  0x41, 0x1a, 0xd0, 0xc5, 0x06, 0xe5, 0xf9, 0xff, 0xff, 0xff, 0xff, 0x01,
  0x68, 0x03, 0x60, 0x0d, 0x00, 0x09, 0xa8, 0x00, 0x00, 0x00, 0x00, 0x49,
  0x18, 0x00, 0x00, 0x08, 0x00, 0x00, 0x00, 0x13, 0x86, 0x40, 0x18, 0x26,
  0x0c, 0x44, 0x61, 0x4c, 0x08, 0x8e, 0x09, 0x01, 0x32, 0x41, 0x48, 0x94,
  0x09, 0xc1, 0x32, 0x21, 0x60, 0x26, 0x08, 0x8d, 0x33, 0x61, 0x78, 0x0a,
  0x03, 0x00, 0x00, 0x89, 0x20, 0x00, 0x00, 0x45, 0x00, 0x00, 0x00, 0x32,
  0x22, 0x88, 0x09, 0x20, 0x64, 0x85, 0x04, 0x13, 0x23, 0xa4, 0x84, 0x04,
  0x13, 0x23, 0xe3, 0x84, 0xa1, 0x90, 0x14, 0x12, 0x4c, 0x8c, 0x8c, 0x0b,
  0x84, 0xc4, 0x4c, 0x10, 0xdc, 0xc1, 0x0c, 0xc0, 0x30, 0x02, 0x01, 0x0c,
  0x23, 0x08, 0xc0, 0x30, 0xc2, 0x00, 0xe4, 0xc0, 0x30, 0x13, 0x35, 0x0f,
  0xf4, 0x20, 0x0f, 0xf5, 0x30, 0x0e, 0xf4, 0xe0, 0x06, 0xed, 0x50, 0x0e,
  0xf4, 0x10, 0x0e, 0xec, 0xa0, 0x07, 0x7a, 0xd0, 0x0e, 0xe1, 0x40, 0x0f,
  0xf2, 0x90, 0x0e, 0xf8, 0x80, 0x02, 0x62, 0x8e, 0x00, 0x0c, 0xe6, 0x08,
  0x90, 0x64, 0x38, 0xee, 0x91, 0xa6, 0x88, 0x12, 0x26, 0xdf, 0x6d, 0x90,
  0xc2, 0x89, 0x18, 0x09, 0x3f, 0x45, 0x11, 0x04, 0x82, 0x20, 0x00, 0x00,
  0x00, 0x18, 0x86, 0x81, 0x0c, 0x22, 0x24, 0xc2, 0x51, 0xd2, 0x14, 0x51,
  0xc2, 0xe4, 0xff, 0x13, 0x71, 0x4d, 0x54, 0x44, 0xfc, 0xf6, 0xf0, 0x4f,
  0x63, 0x04, 0xc0, 0x20, 0xc2, 0x12, 0x5c, 0x24, 0x4d, 0x11, 0x25, 0x4c,
  0xfe, 0x2f, 0x01, 0xcc, 0xb3, 0x10, 0xd1, 0x3f, 0x8d, 0x11, 0x00, 0x83,
  0x08, 0x8d, 0x50, 0x90, 0x20, 0x10, 0x04, 0x41, 0x61, 0x1c, 0x7a, 0x8c,
  0x10, 0x1c, 0x73, 0x04, 0xc1, 0x30, 0x82, 0x60, 0x14, 0x25, 0x62, 0x1c,
  0x41, 0x9a, 0x24, 0x00, 0x30, 0x88, 0x2a, 0x44, 0x10, 0x04, 0x01, 0x59,
  0x45, 0x00, 0x00, 0xc2, 0xca, 0x00, 0x08, 0x02, 0x69, 0x65, 0x10, 0x04,
  0x81, 0xb8, 0x32, 0x00, 0x00, 0x40, 0x5e, 0x11, 0x04, 0x81, 0xc0, 0x11,
  0x80, 0x12, 0x88, 0x34, 0x96, 0x01, 0x50, 0x04, 0x2a, 0x0b, 0x01, 0x00,
  0x00, 0x40, 0x67, 0x11, 0x00, 0x89, 0xd2, 0x81, 0x80, 0x14, 0x30, 0x06,
  0x11, 0x02, 0x61, 0x18, 0x61, 0x30, 0xe6, 0x08, 0x40, 0x61, 0x10, 0x61,
  0x10, 0x06, 0x11, 0x04, 0x61, 0x0a, 0x60, 0x10, 0xc1, 0x10, 0x06, 0x11,
  0x00, 0x61, 0x10, 0xa1, 0x10, 0x86, 0x11, 0x08, 0x03, 0x00, 0x00, 0x13,
  0xaa, 0x70, 0x48, 0x07, 0x79, 0xb0, 0x03, 0x3a, 0x68, 0x83, 0x70, 0x80,
  0x07, 0x78, 0x60, 0x87, 0x72, 0x68, 0x83, 0x74, 0x78, 0x87, 0x79, 0x88,
  0x83, 0x39, 0x70, 0x03, 0x38, 0x70, 0x03, 0x38, 0xd8, 0x70, 0x1b, 0xe5,
  0xd0, 0x06, 0xf0, 0xa0, 0x07, 0x76, 0x40, 0x07, 0x7a, 0x60, 0x07, 0x74,
  0xa0, 0x07, 0x76, 0x40, 0x07, 0x6d, 0x90, 0x0e, 0x71, 0xa0, 0x07, 0x78,
  0xa0, 0x07, 0x78, 0xd0, 0x06, 0xe9, 0x80, 0x07, 0x7a, 0x80, 0x07, 0x7a,
  0x80, 0x07, 0x6d, 0x90, 0x0e, 0x71, 0x60, 0x07, 0x7a, 0x10, 0x07, 0x76,
  0xa0, 0x07, 0x71, 0x60, 0x07, 0x6d, 0x90, 0x0e, 0x73, 0x20, 0x07, 0x7a,
  0x30, 0x07, 0x72, 0xa0, 0x07, 0x73, 0x20, 0x07, 0x6d, 0x90, 0x0e, 0x76,
  0x40, 0x07, 0x7a, 0x60, 0x07, 0x74, 0xa0, 0x07, 0x76, 0x40, 0x07, 0x6d,
  0x60, 0x0e, 0x73, 0x20, 0x07, 0x7a, 0x30, 0x07, 0x72, 0xa0, 0x07, 0x73,
  0x20, 0x07, 0x6d, 0x60, 0x0e, 0x76, 0x40, 0x07, 0x7a, 0x60, 0x07, 0x74,
  0xa0, 0x07, 0x76, 0x40, 0x07, 0x6d, 0x60, 0x0f, 0x71, 0x60, 0x07, 0x7a,
  0x10, 0x07, 0x76, 0xa0, 0x07, 0x71, 0x60, 0x07, 0x6d, 0x60, 0x0f, 0x72,
  0x40, 0x07, 0x7a, 0x30, 0x07, 0x72, 0xa0, 0x07, 0x73, 0x20, 0x07, 0x6d,
  0x60, 0x0f, 0x73, 0x20, 0x07, 0x7a, 0x30, 0x07, 0x72, 0xa0, 0x07, 0x73,
  0x20, 0x07, 0x6d, 0x60, 0x0f, 0x74, 0x80, 0x07, 0x7a, 0x60, 0x07, 0x74,
  0xa0, 0x07, 0x76, 0x40, 0x07, 0x6d, 0x60, 0x0f, 0x76, 0x40, 0x07, 0x7a,
  0x60, 0x07, 0x74, 0xa0, 0x07, 0x76, 0x40, 0x07, 0x6d, 0x60, 0x0f, 0x79,
  0x60, 0x07, 0x7a, 0x10, 0x07, 0x72, 0x80, 0x07, 0x7a, 0x10, 0x07, 0x72,
  0x80, 0x07, 0x6d, 0x60, 0x0f, 0x71, 0x20, 0x07, 0x78, 0xa0, 0x07, 0x71,
  0x20, 0x07, 0x78, 0xa0, 0x07, 0x71, 0x20, 0x07, 0x78, 0xd0, 0x06, 0xf6,
  0x10, 0x07, 0x79, 0x20, 0x07, 0x7a, 0x20, 0x07, 0x75, 0x60, 0x07, 0x7a,
  0x20, 0x07, 0x75, 0x60, 0x07, 0x6d, 0x60, 0x0f, 0x72, 0x50, 0x07, 0x76,
  0xa0, 0x07, 0x72, 0x50, 0x07, 0x76, 0xa0, 0x07, 0x72, 0x50, 0x07, 0x76,
  0xd0, 0x06, 0xf6, 0x50, 0x07, 0x71, 0x20, 0x07, 0x7a, 0x50, 0x07, 0x71,
  0x20, 0x07, 0x7a, 0x50, 0x07, 0x71, 0x20, 0x07, 0x6d, 0x60, 0x0f, 0x71,
  0x00, 0x07, 0x72, 0x40, 0x07, 0x7a, 0x10, 0x07, 0x70, 0x20, 0x07, 0x74,
  0xa0, 0x07, 0x71, 0x00, 0x07, 0x72, 0x40, 0x07, 0x6d, 0xe0, 0x0e, 0x78,
  0xa0, 0x07, 0x71, 0x60, 0x07, 0x7a, 0x30, 0x07, 0x72, 0xa0, 0x11, 0xc2,
  0x90, 0x4e, 0x11, 0x01, 0x06, 0x43, 0x34, 0x13, 0x7b, 0x00, 0x03, 0x11,
  0x0d, 0x89, 0x00, 0xe7, 0x01, 0x00, 0x20, 0x00, 0x00, 0x00, 0x10, 0x00,
  0x00, 0x00, 0x80, 0x21, 0x91, 0xb3, 0x51, 0x40, 0x00, 0x08, 0x00, 0x00,
  0x00, 0x02, 0x00, 0x00, 0x00, 0x30, 0x24, 0x4a, 0x83, 0xc6, 0x02, 0x02,
  0x60, 0x00, 0x00, 0x00, 0x10, 0x00, 0x00, 0x00, 0x80, 0x21, 0x91, 0x1d,
  0x54, 0x18, 0x10, 0x00, 0x03, 0x00, 0x00, 0x80, 0x00, 0x00, 0x00, 0x00,
  0x0c, 0x89, 0x56, 0x21, 0xc2, 0x80, 0x00, 0x18, 0x00, 0x00, 0x00, 0x04,
  0x00, 0x00, 0x00, 0x60, 0x48, 0xc4, 0x0b, 0x8d, 0x06, 0x04, 0xc0, 0x00,
  0x00, 0x00, 0x20, 0x00, 0x00, 0x00, 0x00, 0x43, 0xa2, 0x74, 0x98, 0x38,
  0x20, 0x00, 0x06, 0x00, 0x00, 0x00, 0x01, 0x00, 0x00, 0x00, 0x18, 0x12,
  0xf1, 0x43, 0xe4, 0x01, 0x01, 0x30, 0x00, 0x00, 0x00, 0x08, 0x00, 0x00,
  0x00, 0xc0, 0x90, 0xa8, 0x25, 0x22, 0x0f, 0x08, 0x80, 0x01, 0x00, 0x00,
  0x40, 0x00, 0x00, 0x00, 0x00, 0x86, 0x44, 0x3e, 0x31, 0x81, 0x01, 0x10,
  0x00, 0x03, 0x00, 0x00, 0x80, 0x00, 0x00, 0x00, 0x00, 0x0c, 0x89, 0xe2,
  0x82, 0x1a, 0x03, 0x20, 0x00, 0x08, 0x00, 0x00, 0x00, 0x01, 0x00, 0x00,
  0x00, 0x18, 0x12, 0x95, 0xc6, 0x1b, 0x94, 0x01, 0x02, 0x0c, 0x05, 0x00,
  0x00, 0x40, 0x00, 0x00, 0x00, 0x00, 0x0c, 0x89, 0xe8, 0x43, 0x3a, 0x03,
  0x20, 0x00, 0x06, 0x00, 0x00, 0x00, 0x01, 0x00, 0x00, 0x00, 0x18, 0x12,
  0x99, 0x48, 0x84, 0x01, 0x01, 0x30, 0x00, 0x00, 0x00, 0x08, 0x00, 0x00,
  0x00, 0xc0, 0x90, 0xe8, 0x46, 0x24, 0x0c, 0x08, 0x80, 0x01, 0x00, 0x00,
  0x40, 0x00, 0x00, 0x00, 0x00, 0x86, 0x44, 0x69, 0x62, 0xa5, 0x01, 0x10,
  0x00, 0x03, 0x00, 0x00, 0x80, 0x00, 0x00, 0x00, 0x00, 0x0c, 0x89, 0xfe,
  0xe4, 0x02, 0x03, 0x20, 0x00, 0x06, 0x00, 0x00, 0x00, 0x01, 0x00, 0x00,
  0x00, 0x90, 0xd8, 0x20, 0x50, 0xd4, 0xcc, 0x00, 0x00, 0x20, 0x0b, 0x04,
  0x00, 0x00, 0x00, 0x1b, 0x00, 0x00, 0x00, 0x32, 0x1e, 0x98, 0x18, 0x19,
  0x11, 0x4c, 0x90, 0x8c, 0x09, 0x26, 0x47, 0xc6, 0x04, 0x43, 0x32, 0x8a,
  0xa0, 0x04, 0x0a, 0x61, 0x04, 0xa0, 0x0c, 0x0a, 0x70, 0xa0, 0xc0, 0x0a,
  0x38, 0xa0, 0x40, 0x0a, 0x3c, 0xa0, 0x00, 0x05, 0x0a, 0xa2, 0x20, 0x05,
  0x0a, 0x54, 0xa0, 0x60, 0x05, 0x0a, 0x57, 0xa0, 0x80, 0x05, 0x0a, 0x59,
  0xa0, 0xa0, 0x05, 0x0a, 0x5b, 0xa0, 0xc0, 0x05, 0x4a, 0xa1, 0x18, 0xe8,
  0x1d, 0x01, 0x28, 0xb0, 0x02, 0x0e, 0x28, 0xf0, 0x80, 0x02, 0x14, 0x28,
  0x48, 0x81, 0x02, 0x15, 0x28, 0x58, 0x81, 0xc2, 0x15, 0x28, 0x60, 0x81,
  0x42, 0x16, 0x28, 0x68, 0x81, 0xc2, 0x16, 0x28, 0x70, 0x01, 0x62, 0xc7,
  0x12, 0x34, 0x02, 0x00, 0x00, 0x00, 0x00, 0xb1, 0x18, 0x00, 0x00, 0xa5,
  0x00, 0x00, 0x00, 0x33, 0x08, 0x80, 0x1c, 0xc4, 0xe1, 0x1c, 0x66, 0x14,
  0x01, 0x3d, 0x88, 0x43, 0x38, 0x84, 0xc3, 0x8c, 0x42, 0x80, 0x07, 0x79,
  0x78, 0x07, 0x73, 0x98, 0x71, 0x0c, 0xe6, 0x00, 0x0f, 0xed, 0x10, 0x0e,
  0xf4, 0x80, 0x0e, 0x33, 0x0c, 0x42, 0x1e, 0xc2, 0xc1, 0x1d, 0xce, 0xa1,
  0x1c, 0x66, 0x30, 0x05, 0x3d, 0x88, 0x43, 0x38, 0x84, 0x83, 0x1b, 0xcc,
  0x03, 0x3d, 0xc8, 0x43, 0x3d, 0x8c, 0x03, 0x3d, 0xcc, 0x78, 0x8c, 0x74,
  0x70, 0x07, 0x7b, 0x08, 0x07, 0x79, 0x48, 0x87, 0x70, 0x70, 0x07, 0x7a,
  0x70, 0x03, 0x76, 0x78, 0x87, 0x70, 0x20, 0x87, 0x19, 0xcc, 0x11, 0x0e,
  0xec, 0x90, 0x0e, 0xe1, 0x30, 0x0f, 0x6e, 0x30, 0x0f, 0xe3, 0xf0, 0x0e,
  0xf0, 0x50, 0x0e, 0x33, 0x10, 0xc4, 0x1d, 0xde, 0x21, 0x1c, 0xd8, 0x21,
  0x1d, 0xc2, 0x61, 0x1e, 0x66, 0x30, 0x89, 0x3b, 0xbc, 0x83, 0x3b, 0xd0,
  0x43, 0x39, 0xb4, 0x03, 0x3c, 0xbc, 0x83, 0x3c, 0x84, 0x03, 0x3b, 0xcc,
  0xf0, 0x14, 0x76, 0x60, 0x07, 0x7b, 0x68, 0x07, 0x37, 0x68, 0x87, 0x72,
  0x68, 0x07, 0x37, 0x80, 0x87, 0x70, 0x90, 0x87, 0x70, 0x60, 0x07, 0x76,
  0x28, 0x07, 0x76, 0xf8, 0x05, 0x76, 0x78, 0x87, 0x77, 0x80, 0x87, 0x5f,
  0x08, 0x87, 0x71, 0x18, 0x87, 0x72, 0x98, 0x87, 0x79, 0x98, 0x81, 0x2c,
  0xee, 0xf0, 0x0e, 0xee, 0xe0, 0x0e, 0xf5, 0xc0, 0x0e, 0xec, 0x30, 0x03,
  0x62, 0xc8, 0xa1, 0x1c, 0xe4, 0xa1, 0x1c, 0xcc, 0xa1, 0x1c, 0xe4, 0xa1,
  0x1c, 0xdc, 0x61, 0x1c, 0xca, 0x21, 0x1c, 0xc4, 0x81, 0x1d, 0xca, 0x61,
  0x06, 0xd6, 0x90, 0x43, 0x39, 0xc8, 0x43, 0x39, 0x98, 0x43, 0x39, 0xc8,
  0x43, 0x39, 0xb8, 0xc3, 0x38, 0x94, 0x43, 0x38, 0x88, 0x03, 0x3b, 0x94,
  0xc3, 0x2f, 0xbc, 0x83, 0x3c, 0xfc, 0x82, 0x3b, 0xd4, 0x03, 0x3b, 0xb0,
  0xc3, 0x0c, 0xc7, 0x69, 0x87, 0x70, 0x58, 0x87, 0x72, 0x70, 0x83, 0x74,
  0x68, 0x07, 0x78, 0x60, 0x87, 0x74, 0x18, 0x87, 0x74, 0xa0, 0x87, 0x19,
  0xce, 0x53, 0x0f, 0xee, 0x00, 0x0f, 0xf2, 0x50, 0x0e, 0xe4, 0x90, 0x0e,
  0xe3, 0x40, 0x0f, 0xe1, 0x20, 0x0e, 0xec, 0x50, 0x0e, 0x33, 0x20, 0x28,
  0x1d, 0xdc, 0xc1, 0x1e, 0xc2, 0x41, 0x1e, 0xd2, 0x21, 0x1c, 0xdc, 0x81,
  0x1e, 0xdc, 0xe0, 0x1c, 0xe4, 0xe1, 0x1d, 0xea, 0x01, 0x1e, 0x66, 0x18,
  0x51, 0x38, 0xb0, 0x43, 0x3a, 0x9c, 0x83, 0x3b, 0xcc, 0x50, 0x24, 0x76,
  0x60, 0x07, 0x7b, 0x68, 0x07, 0x37, 0x60, 0x87, 0x77, 0x78, 0x07, 0x78,
  0x98, 0x51, 0x4c, 0xf4, 0x90, 0x0f, 0xf0, 0x50, 0x0e, 0x33, 0x1e, 0x6a,
  0x1e, 0xca, 0x61, 0x1c, 0xe8, 0x21, 0x1d, 0xde, 0xc1, 0x1d, 0x7e, 0x01,
  0x1e, 0xe4, 0xa1, 0x1c, 0xcc, 0x21, 0x1d, 0xf0, 0x61, 0x06, 0x54, 0x85,
  0x83, 0x38, 0xcc, 0xc3, 0x3b, 0xb0, 0x43, 0x3d, 0xd0, 0x43, 0x39, 0xfc,
  0xc2, 0x3c, 0xe4, 0x43, 0x3b, 0x88, 0xc3, 0x3b, 0xb0, 0xc3, 0x8c, 0xc5,
  0x0a, 0x87, 0x79, 0x98, 0x87, 0x77, 0x18, 0x87, 0x74, 0x08, 0x07, 0x7a,
  0x28, 0x07, 0x72, 0x98, 0x81, 0x5c, 0xe3, 0x10, 0x0e, 0xec, 0xc0, 0x0e,
  0xe5, 0x50, 0x0e, 0xf3, 0x30, 0x23, 0xc1, 0xd2, 0x41, 0x1e, 0xe4, 0xe1,
  0x17, 0xd8, 0xe1, 0x1d, 0xde, 0x01, 0x1e, 0x66, 0x48, 0x19, 0x3b, 0xb0,
  0x83, 0x3d, 0xb4, 0x83, 0x1b, 0x84, 0xc3, 0x38, 0x8c, 0x43, 0x39, 0xcc,
  0xc3, 0x3c, 0xb8, 0xc1, 0x39, 0xc8, 0xc3, 0x3b, 0xd4, 0x03, 0x3c, 0xcc,
  0x48, 0xb4, 0x71, 0x08, 0x07, 0x76, 0x60, 0x07, 0x71, 0x08, 0x87, 0x71,
  0x58, 0x87, 0x19, 0xdb, 0xc6, 0x0e, 0xec, 0x60, 0x0f, 0xed, 0xe0, 0x06,
  0xf0, 0x20, 0x0f, 0xe5, 0x30, 0x0f, 0xe5, 0x20, 0x0f, 0xf6, 0x50, 0x0e,
  0x6e, 0x10, 0x0e, 0xe3, 0x30, 0x0e, 0xe5, 0x30, 0x0f, 0xf3, 0xe0, 0x06,
  0xe9, 0xe0, 0x0e, 0xe4, 0x50, 0x0e, 0xf8, 0x30, 0x23, 0xe2, 0xec, 0x61,
  0x1c, 0xc2, 0x81, 0x1d, 0xd8, 0xe1, 0x17, 0xec, 0x21, 0x1d, 0xe6, 0x21,
  0x1d, 0xc4, 0x21, 0x1d, 0xd8, 0x21, 0x1d, 0xe8, 0x21, 0x1f, 0x66, 0x20,
  0x9d, 0x3b, 0xbc, 0x43, 0x3d, 0xb8, 0x03, 0x39, 0x94, 0x83, 0x39, 0xcc,
  0x58, 0xbc, 0x70, 0x70, 0x07, 0x77, 0x78, 0x07, 0x7a, 0x08, 0x07, 0x7a,
  0x48, 0x87, 0x77, 0x70, 0x87, 0x19, 0xce, 0x87, 0x0e, 0xe5, 0x10, 0x0e,
  0xf0, 0x10, 0x0e, 0xec, 0xc0, 0x0e, 0xef, 0x30, 0x0e, 0xf3, 0x90, 0x0e,
  0xf4, 0x50, 0x0e, 0x33, 0x28, 0x30, 0x08, 0x87, 0x74, 0x90, 0x07, 0x37,
  0x30, 0x87, 0x7a, 0x70, 0x87, 0x71, 0xa0, 0x87, 0x74, 0x78, 0x07, 0x77,
  0xf8, 0x85, 0x73, 0x90, 0x87, 0x77, 0xa8, 0x07, 0x78, 0x98, 0x07, 0x00,
  0x00, 0x00, 0x00, 0x79, 0x20, 0x00, 0x00, 0x89, 0x01, 0x00, 0x00, 0x32,
  0x9a, 0x08, 0x14, 0x02, 0x85, 0x8c, 0x27, 0x46, 0x46, 0xc8, 0x11, 0x32,
  0x64, 0xd4, 0xf8, 0x00, 0x0e, 0xf4, 0x0c, 0x8b, 0x12, 0x07, 0xc5, 0xc6,
  0x91, 0x41, 0x14, 0x19, 0x8c, 0x22, 0x31, 0x83, 0x54, 0x3d, 0x06, 0x81,
  0x1d, 0x93, 0xa0, 0x3c, 0x12, 0x42, 0x21, 0x0a, 0x82, 0x20, 0x0a, 0x63,
  0x14, 0xc6, 0xa1, 0x24, 0x43, 0x72, 0x10, 0xd1, 0x85, 0x20, 0x8b, 0x82,
  0x1d, 0xcb, 0xf1, 0x3c, 0xcd, 0x07, 0x00, 0x53, 0x44, 0x4b, 0x20, 0x56,
  0x65, 0x72, 0x73, 0x69, 0x6f, 0x6e, 0x77, 0x63, 0x68, 0x61, 0x72, 0x5f,
  0x73, 0x69, 0x7a, 0x65, 0x41, 0x70, 0x70, 0x6c, 0x65, 0x20, 0x6d, 0x65,
  0x74, 0x61, 0x6c, 0x20, 0x76, 0x65, 0x72, 0x73, 0x69, 0x6f, 0x6e, 0x20,
  0x33, 0x32, 0x30, 0x32, 0x33, 0x2e, 0x38, 0x38, 0x33, 0x20, 0x28, 0x6d,
  0x65, 0x74, 0x61, 0x6c, 0x66, 0x65, 0x2d, 0x33, 0x32, 0x30, 0x32, 0x33,
  0x2e, 0x38, 0x38, 0x33, 0x29, 0x4d, 0x65, 0x74, 0x61, 0x6c, 0x61, 0x69,
  0x72, 0x2e, 0x63, 0x6f, 0x6d, 0x70, 0x69, 0x6c, 0x65, 0x2e, 0x64, 0x65,
  0x6e, 0x6f, 0x72, 0x6d, 0x73, 0x5f, 0x64, 0x69, 0x73, 0x61, 0x62, 0x6c,
  0x65, 0x61, 0x69, 0x72, 0x2e, 0x63, 0x6f, 0x6d, 0x70, 0x69, 0x6c, 0x65,
  0x2e, 0x66, 0x61, 0x73, 0x74, 0x5f, 0x6d, 0x61, 0x74, 0x68, 0x5f, 0x65,
  0x6e, 0x61, 0x62, 0x6c, 0x65, 0x61, 0x69, 0x72, 0x2e, 0x63, 0x6f, 0x6d,
  0x70, 0x69, 0x6c, 0x65, 0x2e, 0x66, 0x72, 0x61, 0x6d, 0x65, 0x62, 0x75,
  0x66, 0x66, 0x65, 0x72, 0x5f, 0x66, 0x65, 0x74, 0x63, 0x68, 0x5f, 0x65,
  0x6e, 0x61, 0x62, 0x6c, 0x65, 0x61, 0x69, 0x72, 0x2e, 0x72, 0x65, 0x6e,
  0x64, 0x65, 0x72, 0x5f, 0x74, 0x61, 0x72, 0x67, 0x65, 0x74, 0x61, 0x69,
  0x72, 0x2e, 0x61, 0x72, 0x67, 0x5f, 0x74, 0x79, 0x70, 0x65, 0x5f, 0x6e,
  0x61, 0x6d, 0x65, 0x66, 0x6c, 0x6f, 0x61, 0x74, 0x34, 0x61, 0x69, 0x72,
  0x2e, 0x70, 0x6f, 0x73, 0x69, 0x74, 0x69, 0x6f, 0x6e, 0x61, 0x69, 0x72,
  0x2e, 0x63, 0x65, 0x6e, 0x74, 0x65, 0x72, 0x61, 0x69, 0x72, 0x2e, 0x6e,
  0x6f, 0x5f, 0x70, 0x65, 0x72, 0x73, 0x70, 0x65, 0x63, 0x74, 0x69, 0x76,
  0x65, 0x61, 0x69, 0x72, 0x2e, 0x61, 0x72, 0x67, 0x5f, 0x6e, 0x61, 0x6d,
  0x65, 0x70, 0x6f, 0x73, 0x61, 0x69, 0x72, 0x2e, 0x66, 0x72, 0x61, 0x67,
  0x6d, 0x65, 0x6e, 0x74, 0x5f, 0x69, 0x6e, 0x70, 0x75, 0x74, 0x67, 0x65,
  0x6e, 0x65, 0x72, 0x61, 0x74, 0x65, 0x64, 0x28, 0x34, 0x66, 0x70, 0x6f,
  0x73, 0x44, 0x76, 0x32, 0x5f, 0x66, 0x29, 0x61, 0x69, 0x72, 0x2e, 0x70,
  0x65, 0x72, 0x73, 0x70, 0x65, 0x63, 0x74, 0x69, 0x76, 0x65, 0x66, 0x6c,
  0x6f, 0x61, 0x74, 0x32, 0x66, 0x70, 0x6f, 0x73, 0x67, 0x65, 0x6e, 0x65,
  0x72, 0x61, 0x74, 0x65, 0x64, 0x28, 0x37, 0x66, 0x74, 0x63, 0x6f, 0x6f,
  0x72, 0x64, 0x44, 0x76, 0x32, 0x5f, 0x66, 0x29, 0x66, 0x74, 0x63, 0x6f,
  0x6f, 0x72, 0x64, 0x67, 0x65, 0x6e, 0x65, 0x72, 0x61, 0x74, 0x65, 0x64,
  0x28, 0x32, 0x75, 0x76, 0x44, 0x76, 0x32, 0x5f, 0x66, 0x29, 0x75, 0x76,
  0x61, 0x69, 0x72, 0x2e, 0x62, 0x75, 0x66, 0x66, 0x65, 0x72, 0x61, 0x69,
  0x72, 0x2e, 0x62, 0x75, 0x66, 0x66, 0x65, 0x72, 0x5f, 0x73, 0x69, 0x7a,
  0x65, 0x61, 0x69, 0x72, 0x2e, 0x6c, 0x6f, 0x63, 0x61, 0x74, 0x69, 0x6f,
  0x6e, 0x5f, 0x69, 0x6e, 0x64, 0x65, 0x78, 0x61, 0x69, 0x72, 0x2e, 0x72,
  0x65, 0x61, 0x64, 0x61, 0x69, 0x72, 0x2e, 0x73, 0x74, 0x72, 0x75, 0x63,
  0x74, 0x5f, 0x74, 0x79, 0x70, 0x65, 0x5f, 0x69, 0x6e, 0x66, 0x6f, 0x66,
  0x6c, 0x6f, 0x61, 0x74, 0x33, 0x78, 0x33, 0x73, 0x63, 0x69, 0x73, 0x73,
  0x6f, 0x72, 0x4d, 0x61, 0x74, 0x70, 0x61, 0x69, 0x6e, 0x74, 0x4d, 0x61,
  0x74, 0x69, 0x6e, 0x6e, 0x65, 0x72, 0x43, 0x6f, 0x6c, 0x6f, 0x75, 0x74,
  0x65, 0x72, 0x43, 0x6f, 0x6c, 0x73, 0x63, 0x69, 0x73, 0x73, 0x6f, 0x72,
  0x45, 0x78, 0x74, 0x73, 0x63, 0x69, 0x73, 0x73, 0x6f, 0x72, 0x53, 0x63,
  0x61, 0x6c, 0x65, 0x65, 0x78, 0x74, 0x65, 0x6e, 0x74, 0x66, 0x6c, 0x6f,
  0x61, 0x74, 0x72, 0x61, 0x64, 0x69, 0x75, 0x73, 0x66, 0x65, 0x61, 0x74,
  0x68, 0x65, 0x72, 0x73, 0x74, 0x72, 0x6f, 0x6b, 0x65, 0x4d, 0x75, 0x6c,
  0x74, 0x73, 0x74, 0x72, 0x6f, 0x6b, 0x65, 0x54, 0x68, 0x72, 0x69, 0x6e,
  0x74, 0x6c, 0x69, 0x6e, 0x65, 0x53, 0x74, 0x79, 0x6c, 0x65, 0x74, 0x65,
  0x78, 0x54, 0x79, 0x70, 0x65, 0x74, 0x79, 0x70, 0x65, 0x61, 0x69, 0x72,
  0x2e, 0x61, 0x72, 0x67, 0x5f, 0x74, 0x79, 0x70, 0x65, 0x5f, 0x73, 0x69,
  0x7a, 0x65, 0x61, 0x69, 0x72, 0x2e, 0x61, 0x72, 0x67, 0x5f, 0x74, 0x79,
  0x70, 0x65, 0x5f, 0x61, 0x6c, 0x69, 0x67, 0x6e, 0x5f, 0x73, 0x69, 0x7a,
  0x65, 0x55, 0x6e, 0x69, 0x66, 0x6f, 0x72, 0x6d, 0x73, 0x75, 0x6e, 0x69,
  0x66, 0x6f, 0x72, 0x6d, 0x73, 0x61, 0x69, 0x72, 0x2e, 0x74, 0x65, 0x78,
  0x74, 0x75, 0x72, 0x65, 0x61, 0x69, 0x72, 0x2e, 0x73, 0x61, 0x6d, 0x70,
  0x6c, 0x65, 0x74, 0x65, 0x78, 0x74, 0x75, 0x72, 0x65, 0x32, 0x64, 0x3c,
  0x66, 0x6c, 0x6f, 0x61, 0x74, 0x2c, 0x20, 0x73, 0x61, 0x6d, 0x70, 0x6c,
  0x65, 0x3e, 0x74, 0x65, 0x78, 0x74, 0x75, 0x72, 0x65, 0x61, 0x69, 0x72,
  0x2e, 0x73, 0x61, 0x6d, 0x70, 0x6c, 0x65, 0x72, 0x73, 0x61, 0x6d, 0x70,
  0x6c, 0x65, 0x72, 0x6f, 0x6d, 0x6e, 0x69, 0x70, 0x6f, 0x74, 0x65, 0x6e,
  0x74, 0x20, 0x63, 0x68, 0x61, 0x72, 0x53, 0x69, 0x6d, 0x70, 0x6c, 0x65,
  0x20, 0x43, 0x2b, 0x2b, 0x20, 0x54, 0x42, 0x41, 0x41, 0x5f, 0x5a, 0x54,
  0x53, 0x38, 0x55, 0x6e, 0x69, 0x66, 0x6f, 0x72, 0x6d, 0x73, 0x5f, 0x5a,
  0x54, 0x53, 0x4e, 0x35, 0x6d, 0x65, 0x74, 0x61, 0x6c, 0x36, 0x6d, 0x61,
  0x74, 0x72, 0x69, 0x78, 0x49, 0x66, 0x4c, 0x69, 0x33, 0x45, 0x4c, 0x69,
  0x33, 0x45, 0x76, 0x45, 0x45, 0x00, 0x00, 0xa4, 0xfb, 0x00, 0x00, 0x00,
  0x00, 0x00, 0x00, 0x30, 0x82, 0x60, 0x44, 0x23, 0x08, 0x6c, 0x60, 0x07,
  0x23, 0x08, 0x86, 0x34, 0x82, 0x60, 0x4c, 0x23, 0x08, 0x06, 0x35, 0x82,
  0x00, 0x01, 0x23, 0x08, 0x46, 0x35, 0x82, 0x60, 0x58, 0x23, 0x08, 0xc6,
  0x35, 0x82, 0x60, 0x60, 0x23, 0x08, 0x46, 0x36, 0x82, 0x60, 0x68, 0x23,
  0x08, 0xc6, 0x36, 0x82, 0x60, 0x70, 0x23, 0x08, 0x46, 0x37, 0x82, 0x60,
  0x78, 0x23, 0x08, 0xc6, 0x37, 0x82, 0x60, 0x80, 0xc1, 0x08, 0x82, 0x11,
  0x06, 0x23, 0x08, 0x86, 0x18, 0x8c, 0x20, 0x18, 0x63, 0x30, 0x82, 0x60,
  0x90, 0xc1, 0x08, 0x82, 0x51, 0x06, 0x23, 0x08, 0x86, 0x19, 0x8c, 0x20,
  0x18, 0x67, 0x30, 0x82, 0xf0, 0x06, 0x68, 0x30, 0x82, 0xf0, 0x06, 0x69,
  0x30, 0x82, 0xf0, 0x06, 0x6a, 0x30, 0x82, 0xf0, 0x06, 0x6b, 0x30, 0x82,
  0xf0, 0x06, 0x6c, 0x30, 0x82, 0xf0, 0x06, 0x6d, 0x30, 0x82, 0xf0, 0x06,
  0x6e, 0x30, 0x82, 0xf0, 0x06, 0x6f, 0x30, 0x82, 0xf0, 0x06, 0x70, 0x30,
  0x82, 0xf0, 0x06, 0x71, 0x30, 0x82, 0xf0, 0x06, 0x72, 0x30, 0x82, 0xf0,
  0x06, 0x73, 0x30, 0x82, 0xf0, 0x06, 0x74, 0x30, 0x82, 0xf0, 0x06, 0x75,
  0x30, 0xc3, 0xd0, 0x07, 0x81, 0x1f, 0xcc, 0x30, 0xfc, 0x81, 0x00, 0x0a,
  0x33, 0x04, 0xc3, 0x0c, 0x43, 0x1f, 0xf4, 0x41, 0x28, 0xcc, 0x40, 0x10,
  0x7d, 0xd0, 0x07, 0xa1, 0x30, 0x43, 0x50, 0xcc, 0x10, 0x18, 0x33, 0x04,
  0xc7, 0x0c, 0x05, 0x12, 0x0a, 0xa1, 0x90, 0x28, 0x33, 0x04, 0xec, 0x30,
  0x03, 0x12, 0x0a, 0x0b, 0xd3, 0x24, 0x8a, 0xf3, 0xcc, 0x90, 0xfc, 0x01,
  0x14, 0x31, 0x52, 0x32, 0x39, 0xd4, 0x0c, 0x49, 0x1f, 0x40, 0x15, 0x23,
  0x25, 0x93, 0x63, 0xcd, 0x90, 0x8c, 0x02, 0x74, 0x31, 0x52, 0x32, 0x39,
  0xd8, 0x0c, 0xa6, 0x10, 0x0a, 0xa5, 0x10, 0x0a, 0xde, 0x57, 0x0a, 0xa5,
  0x10, 0x0a, 0x1e, 0x18, 0x98, 0xc2, 0x29, 0x84, 0x82, 0x12, 0x06, 0xa8,
  0x70, 0x0a, 0xa1, 0xa0, 0x88, 0x41, 0x2a, 0xa8, 0x42, 0x28, 0x4c, 0x63,
  0xb0, 0x0a, 0xaa, 0x10, 0x0a, 0x13, 0x19, 0xb0, 0x82, 0x2a, 0x84, 0xc2,
  0x54, 0x06, 0xad, 0x00, 0x0a, 0xa1, 0x60, 0x06, 0x67, 0xe0, 0x0a, 0xa0,
  0x10, 0x0a, 0x66, 0x80, 0x06, 0xaf, 0x00, 0x0a, 0xa1, 0x60, 0x06, 0x69,
  0x00, 0x0b, 0xa0, 0x10, 0x0a, 0x66, 0xa0, 0x06, 0xb1, 0x00, 0x0a, 0xa1,
  0xb0, 0x06, 0x6c, 0x20, 0x0b, 0xa0, 0x10, 0x0a, 0x6b, 0xd0, 0x06, 0xb3,
  0x00, 0x0a, 0xa1, 0xb0, 0x06, 0x6e, 0x30, 0x83, 0x04, 0x0a, 0x99, 0x46,
  0x0a, 0x5b, 0x28, 0xfc, 0x01, 0xd7, 0xc9, 0xc3, 0x1b, 0x90, 0x02, 0x1c,
  0x9c, 0x42, 0x12, 0x07, 0x8e, 0x1c, 0xcc, 0xa0, 0xd0, 0xc2, 0x1c, 0x6c,
  0xa1, 0xf0, 0x07, 0x74, 0x90, 0xd4, 0x81, 0x63, 0x07, 0x33, 0x24, 0xb5,
  0x70, 0x07, 0x5b, 0x28, 0xfc, 0x41, 0x82, 0x07, 0x0e, 0x1e, 0xcc, 0x70,
  0xb8, 0xc3, 0x3b, 0xc0, 0x43, 0x3c, 0xcc, 0x03, 0x3d, 0xd4, 0xc3, 0x0c,
  0x83, 0x28, 0xb4, 0x83, 0x3d, 0xcc, 0x10, 0xe8, 0xc1, 0x0c, 0x43, 0x1e,
  0xe0, 0x83, 0x2d, 0xcc, 0x30, 0xf0, 0x41, 0x3e, 0xd8, 0xc2, 0x0c, 0x83,
  0x19, 0xe4, 0x83, 0x2d, 0xcc, 0x30, 0xac, 0x41, 0x3e, 0xd8, 0xc2, 0x0c,
  0xdd, 0x1e, 0xe8, 0x83, 0x2d, 0xe8, 0xc3, 0x2d, 0xe4, 0x03, 0x2e, 0xe4,
  0x43, 0x2e, 0xe4, 0x83, 0x2e, 0xe4, 0xc3, 0x2e, 0xe4, 0x03, 0x2f, 0xec,
  0x43, 0x2f, 0xec, 0x83, 0x2f, 0xec, 0xc3, 0x2f, 0xec, 0x03, 0x38, 0xf0,
  0x43, 0x38, 0xf0, 0x83, 0x38, 0xf0, 0xc3, 0x38, 0xcc, 0x30, 0xf4, 0x03,
  0x3f, 0x84, 0x43, 0x89, 0x02, 0xc0, 0xa1, 0x01, 0xc7, 0x71, 0x1c, 0xc7,
  0x71, 0x1c, 0xc7, 0x71, 0x1c, 0xc7, 0x71, 0x62, 0x20, 0x06, 0x62, 0x20,
  0x06, 0x62, 0x20, 0x06, 0x62, 0x20, 0x06, 0x68, 0x80, 0x06, 0x68, 0x80,
  0x06, 0x68, 0x80, 0x06, 0x68, 0x80, 0x06, 0x68, 0x80, 0x06, 0x68, 0x80,
  0x06, 0x68, 0x80, 0x06, 0x6e, 0xe0, 0x06, 0x16, 0x1d, 0xe8, 0x81, 0x65,
  0x59, 0x7a, 0xc0, 0x99, 0x02, 0x2b, 0xb0, 0x02, 0x2b, 0xb8, 0x99, 0x5f,
  0xd8, 0x83, 0x3a, 0x90, 0x03, 0x1d, 0x70, 0x74, 0x40, 0x07, 0x74, 0x40,
  0x07, 0xec, 0x22, 0x23, 0x81, 0x09, 0xba, 0x88, 0x8d, 0xcd, 0xae, 0xcd,
  0xa5, 0xed, 0x8d, 0xac, 0x8e, 0xad, 0xcc, 0xc5, 0x8c, 0x2d, 0xec, 0x6c,
  0x6e, 0x14, 0x61, 0x1c, 0xc8, 0xe1, 0x14, 0x36, 0x36, 0xbb, 0x36, 0x97,
  0x34, 0xb2, 0x32, 0x37, 0xba, 0x51, 0x82, 0x72, 0xb8, 0x25, 0x2c, 0x4d,
  0xce, 0xc5, 0xae, 0x4c, 0x6e, 0x2e, 0xed, 0xcd, 0x6d, 0x94, 0xc0, 0x1c,
  0x8e, 0x0a, 0x4b, 0x93, 0x73, 0x61, 0x0b, 0x73, 0x3b, 0xab, 0x0b, 0x3b,
  0x2b, 0xfb, 0xb2, 0x2b, 0x93, 0x9b, 0x4b, 0x7b, 0x73, 0x1b, 0x25, 0x38,
  0x87, 0x9b, 0xc2, 0xd2, 0xe4, 0x5c, 0xc6, 0xde, 0xda, 0xe0, 0xd2, 0xd8,
  0xca, 0xbe, 0xde, 0xe0, 0xe8, 0xd2, 0xde, 0xdc, 0xe6, 0x46, 0x19, 0xd0,
  0x21, 0x1d, 0xd4, 0xe1, 0x98, 0xb0, 0x34, 0x39, 0x17, 0x33, 0xb9, 0xb0,
  0xb3, 0xb6, 0x32, 0x37, 0xba, 0x51, 0x02, 0x7b, 0x00, 0x00, 0x00, 0xa9,
  0x18, 0x00, 0x00, 0x25, 0x00, 0x00, 0x00, 0x0b, 0x0a, 0x72, 0x28, 0x87,
  0x77, 0x80, 0x07, 0x7a, 0x58, 0x70, 0x98, 0x43, 0x3d, 0xb8, 0xc3, 0x38,
  0xb0, 0x43, 0x39, 0xd0, 0xc3, 0x82, 0xe6, 0x1c, 0xc6, 0xa1, 0x0d, 0xe8,
  0x41, 0x1e, 0xc2, 0xc1, 0x1d, 0xe6, 0x21, 0x1d, 0xe8, 0x21, 0x1d, 0xde,
  0xc1, 0x1d, 0x16, 0x34, 0xe3, 0x60, 0x0e, 0xe7, 0x50, 0x0f, 0xe1, 0x20,
  0x0f, 0xe4, 0x40, 0x0f, 0xe1, 0x20, 0x0f, 0xe7, 0x50, 0x0e, 0xf4, 0xb0,
  0x80, 0x81, 0x07, 0x79, 0x28, 0x87, 0x70, 0x60, 0x07, 0x76, 0x78, 0x87,
  0x71, 0x08, 0x07, 0x7a, 0x28, 0x07, 0x72, 0x58, 0x70, 0x9c, 0xc3, 0x38,
  0xb4, 0x01, 0x3b, 0xa4, 0x83, 0x3d, 0x94, 0xc3, 0x02, 0x6b, 0x1c, 0xd8,
  0x21, 0x1c, 0xdc, 0xe1, 0x1c, 0xdc, 0x20, 0x1c, 0xe4, 0x61, 0x1c, 0xdc,
  0x20, 0x1c, 0xe8, 0x81, 0x1e, 0xc2, 0x61, 0x1c, 0xd0, 0xa1, 0x1c, 0xc8,
  0x61, 0x1c, 0xc2, 0x81, 0x1d, 0xd8, 0x61, 0xc1, 0x01, 0x0f, 0xf4, 0x20,
  0x0f, 0xe1, 0x50, 0x0f, 0xf4, 0x80, 0x0e, 0x00, 0x00, 0x00, 0x00, 0xd1,
  0x10, 0x00, 0x00, 0x06, 0x00, 0x00, 0x00, 0x07, 0xcc, 0x3c, 0xa4, 0x83,
  0x3b, 0x9c, 0x03, 0x3b, 0x94, 0x03, 0x3d, 0xa0, 0x83, 0x3c, 0x94, 0x43,
  0x38, 0x90, 0xc3, 0x01, 0x00, 0x00, 0x00, 0x61, 0x20, 0x00, 0x00, 0x6e,
  0x01, 0x00, 0x00, 0x13, 0x04, 0x50, 0x2c, 0x10, 0x00, 0x00, 0x00, 0x1b,
  0x00, 0x00, 0x00, 0x64, 0xcc, 0x00, 0x14, 0x46, 0x59, 0x14, 0x45, 0x69,
  0x94, 0x03, 0x49, 0x35, 0x30, 0x02, 0x40, 0xd3, 0x58, 0x02, 0x10, 0x8c,
  0x00, 0x90, 0x3b, 0xc7, 0x40, 0x49, 0x7e, 0x30, 0xd6, 0x00, 0x04, 0xc2,
  0x58, 0xc3, 0x30, 0x0c, 0x73, 0x0c, 0x14, 0xe5, 0x07, 0x73, 0x0c, 0x92,
  0xe4, 0x07, 0xf4, 0x96, 0x40, 0x11, 0x90, 0x3d, 0x02, 0x30, 0x07, 0x41,
  0x49, 0x91, 0x1f, 0x8c, 0x45, 0x00, 0x81, 0x70, 0x10, 0x30, 0x02, 0x30,
  0x46, 0x00, 0x82, 0x20, 0x08, 0x7f, 0x14, 0xcc, 0x00, 0xcc, 0x00, 0x8c,
  0x00, 0x90, 0x30, 0x03, 0x30, 0x03, 0x30, 0x96, 0x00, 0x82, 0x20, 0x08,
  0x7f, 0x20, 0x08, 0x82, 0xf0, 0x37, 0x02, 0x40, 0xc3, 0x0c, 0x00, 0x00,
  0x00, 0x00, 0x00, 0xf1, 0x30, 0x00, 0x00, 0x30, 0x00, 0x00, 0x00, 0x22,
  0x47, 0xc8, 0x90, 0x51, 0x12, 0x84, 0x3a, 0x00, 0x00, 0x00, 0x00, 0x60,
  0x60, 0x61, 0x18, 0x61, 0x69, 0x72, 0x2d, 0x61, 0x6c, 0x69, 0x61, 0x73,
  0x2d, 0x73, 0x63, 0x6f, 0x70, 0x65, 0x73, 0x28, 0x66, 0x72, 0x61, 0x67,
  0x6d, 0x65, 0x6e, 0x74, 0x53, 0x68, 0x61, 0x64, 0x65, 0x72, 0x29, 0x61,
  0x69, 0x72, 0x2d, 0x61, 0x6c, 0x69, 0x61, 0x73, 0x2d, 0x73, 0x63, 0x6f,
  0x70, 0x65, 0x2d, 0x61, 0x72, 0x67, 0x28, 0x34, 0x29, 0x61, 0x69, 0x72,
  0x2d, 0x61, 0x6c, 0x69, 0x61, 0x73, 0x2d, 0x73, 0x63, 0x6f, 0x70, 0x65,
  0x2d, 0x73, 0x61, 0x6d, 0x70, 0x6c, 0x65, 0x72, 0x73, 0x61, 0x69, 0x72,
  0x2d, 0x61, 0x6c, 0x69, 0x61, 0x73, 0x2d, 0x73, 0x63, 0x6f, 0x70, 0x65,
  0x2d, 0x74, 0x65, 0x78, 0x74, 0x75, 0x72, 0x65, 0x73, 0x00, 0x00, 0x2b,
  0x84, 0x91, 0xf8, 0x87, 0x15, 0x03, 0x49, 0x8c, 0x04, 0x48, 0xac, 0x18,
  0x4a, 0x62, 0x24, 0x42, 0x62, 0xc5, 0x60, 0x12, 0x23, 0x21, 0x12, 0x1b,
  0x02, 0x92, 0xd8, 0x20, 0x98, 0x44, 0x49, 0x6c, 0x18, 0xf2, 0x21, 0x1f,
  0x6c, 0x61, 0xc3, 0xd0, 0x0f, 0xfb, 0x00, 0x0e, 0x1b, 0x86, 0x7e, 0xe0,
  0x87, 0x71, 0xd8, 0x30, 0xf4, 0xc3, 0x3e, 0xf8, 0xc2, 0x86, 0xa1, 0x1f,
  0xf6, 0xa1, 0x17, 0x36, 0x0c, 0xfd, 0xc0, 0x0f, 0xe2, 0x00, 0x00, 0x17,
  0x06, 0xed, 0x52, 0x10, 0x94, 0x41, 0x86, 0x40, 0xb1, 0x06, 0x19, 0xce,
  0x00, 0xa1, 0x4c, 0x08, 0xc4, 0x7f, 0x27, 0x85, 0x19, 0xe4, 0x41, 0x2b,
  0xb4, 0x02, 0x75, 0x41, 0xbb, 0x14, 0x04, 0x65, 0x90, 0x21, 0x80, 0xb8,
  0x41, 0x86, 0x36, 0x70, 0x32, 0x13, 0x02, 0xf1, 0xb7, 0xe0, 0x00, 0xff,
  0x9d, 0x14, 0x6d, 0x00, 0x0a, 0xb4, 0x40, 0x0b, 0xda, 0x05, 0xed, 0x52,
  0x10, 0x94, 0x41, 0x86, 0xe0, 0x1a, 0x03, 0x2b, 0x02, 0xf0, 0x1f, 0x64,
  0x08, 0xa4, 0x33, 0x18, 0x31, 0x30, 0x8c, 0x10, 0x04, 0x0b, 0xff, 0x00,
  0x83, 0x72, 0x08, 0x76, 0x32, 0xd0, 0xc1, 0x29, 0xf0, 0x02, 0x05, 0x42,
  0xb1, 0x21, 0x08, 0xff, 0x9d, 0x0c, 0x77, 0xa0, 0x0a, 0xac, 0x40, 0x81,
  0x40, 0x6c, 0x08, 0xc4, 0xdf, 0xb8, 0x20, 0xfc, 0x47, 0x0c, 0x0c, 0x23,
  0x04, 0xc1, 0xc2, 0x3f, 0xc0, 0xc0, 0x1c, 0x82, 0x31, 0x84, 0xe0, 0x15,
  0xc6, 0x10, 0x84, 0x35, 0x30, 0x21, 0x10, 0xff, 0xe1, 0x88, 0x00, 0x0d,
  0x02, 0xff, 0x98, 0x65, 0x08, 0x84, 0x60, 0xc4, 0x80, 0x38, 0x42, 0x10,
  0x0c, 0xc6, 0x20, 0x1e, 0x66, 0x09, 0x9e, 0x11, 0x83, 0x03, 0x89, 0x41,
  0xb0, 0xf0, 0x8f, 0x32, 0x80, 0x07, 0x50, 0x08, 0x85, 0x9d, 0x0c, 0xa1,
  0x40, 0x0b, 0x7c, 0x40, 0x81, 0x41, 0x86, 0x1b, 0x02, 0x76, 0x30, 0x83,
  0x59, 0x86, 0xa1, 0x08, 0x76, 0x32, 0x90, 0xc2, 0x2d, 0xf8, 0x01, 0x05,
  0xc0, 0x18, 0x8e, 0x30, 0x02, 0xc2, 0x3f, 0x66, 0x19, 0x88, 0x22, 0x18,
  0x31, 0x20, 0x8e, 0x10, 0x04, 0x83, 0x31, 0xc0, 0x87, 0x59, 0x82, 0x67,
  0x27, 0xc3, 0x29, 0xe8, 0x02, 0x28, 0x50, 0x60, 0x94, 0x61, 0x0e, 0x23,
  0x58, 0x28, 0x43, 0x3a, 0x76, 0x32, 0xa4, 0x02, 0x2f, 0xc8, 0xc3, 0x05,
  0xed, 0x52, 0x10, 0x94, 0x41, 0x86, 0x60, 0x0e, 0xfe, 0xc0, 0x82, 0x34,
  0x10, 0xff, 0x9d, 0x14, 0xae, 0x10, 0x0e, 0xf7, 0x50, 0x0f, 0x7c, 0x70,
  0x41, 0xbb, 0x14, 0x04, 0x65, 0x90, 0x21, 0xc0, 0x03, 0x52, 0xb0, 0x00,
  0x0d, 0xc4, 0xdf, 0x02, 0x03, 0xfc, 0x77, 0x52, 0xd0, 0xc2, 0x39, 0xf4,
  0xc3, 0x3e, 0x84, 0xc2, 0x05, 0xed, 0x52, 0x10, 0x94, 0x41, 0x86, 0xc0,
  0x0f, 0x54, 0xc1, 0x8a, 0x00, 0xfc, 0x07, 0x19, 0x82, 0x3c, 0x70, 0x85,
  0x9d, 0x0c, 0xba, 0xd0, 0x0e, 0xf9, 0x40, 0x01, 0x30, 0x2c, 0x20, 0x05,
  0xf1, 0xdf, 0xc9, 0xd0, 0x0b, 0xf0, 0x10, 0x0f, 0x14, 0x08, 0x65, 0x27,
  0xc3, 0x2f, 0xc8, 0xc3, 0x2d, 0x50, 0x00, 0x90, 0x39, 0x06, 0x52, 0x08,
  0xe8, 0x61, 0x90, 0x21, 0x28, 0x05, 0x5b, 0x18, 0x31, 0x30, 0x8c, 0x10,
  0x04, 0x0b, 0xff, 0x00, 0x83, 0x9a, 0x50, 0x4c, 0x30, 0xc2, 0xdf, 0x02,
  0x01, 0xfc, 0xc7, 0x10, 0x82, 0x7c, 0x18, 0x43, 0x10, 0x6a, 0x61, 0xc4,
  0xe0, 0x30, 0x42, 0x10, 0x2c, 0xfc, 0xc3, 0xdb, 0x09, 0x21, 0x18, 0x31,
  0x38, 0x8c, 0x10, 0x04, 0x0b, 0xff, 0xf0, 0x7a, 0x22, 0x90, 0x85, 0x11,
  0x83, 0xc3, 0x08, 0x41, 0xb0, 0xf0, 0x0f, 0xee, 0x27, 0x8a, 0x55, 0x18,
  0x31, 0x38, 0x8c, 0x10, 0x04, 0x0b, 0xff, 0xd0, 0xc2, 0x22, 0x08, 0x46,
  0x0c, 0x0c, 0x23, 0x04, 0xc1, 0xc2, 0x3f, 0xb0, 0xb1, 0x08, 0x2c, 0x6a,
  0xc2, 0xdf, 0x82, 0x02, 0xfc, 0x2d, 0x18, 0xc0, 0xdf, 0x82, 0x8a, 0xfc,
  0x47, 0x0c, 0x0c, 0x23, 0x04, 0xc1, 0xc2, 0x3f, 0xb0, 0xb4, 0x08, 0x76,
  0x32, 0xc8, 0x43, 0x49, 0xf0, 0x04, 0x05, 0x41, 0xd9, 0xc9, 0x40, 0x0f,
  0x27, 0xa1, 0x13, 0x14, 0x04, 0x65, 0x8e, 0xa1, 0x17, 0x8a, 0x94, 0x18,
  0x64, 0x08, 0x7c, 0x61, 0x1c, 0x46, 0x0c, 0x10, 0x23, 0x04, 0xc1, 0xc2,
  0x3f, 0xac, 0xb8, 0x28, 0x86, 0x60, 0x8e, 0x01, 0x1c, 0xf2, 0x80, 0x25,
  0xe6, 0x18, 0xc2, 0x81, 0x0f, 0x5a, 0xc2, 0x84, 0x40, 0xfc, 0x07, 0x19,
  0x82, 0x71, 0x40, 0x07, 0x0b, 0x0a, 0xf1, 0x9f, 0x25, 0x78, 0x76, 0x32,
  0xf8, 0x43, 0x4c, 0x9c, 0xc5, 0x05, 0xed, 0x52, 0x10, 0x94, 0x41, 0x86,
  0x00, 0x1d, 0xe8, 0xc1, 0x02, 0x5f, 0x10, 0xff, 0x9d, 0x14, 0x23, 0x61,
  0x13, 0x6c, 0xa1, 0x16, 0xf1, 0x70, 0x41, 0xbb, 0x14, 0x04, 0x65, 0x90,
  0x21, 0x68, 0x87, 0x7c, 0xb0, 0xa0, 0x17, 0xc4, 0xdf, 0x02, 0x03, 0xfc,
  0x77, 0x52, 0xa4, 0x04, 0x4f, 0xc8, 0x05, 0x5c, 0xd8, 0xc3, 0x05, 0xed,
  0x52, 0x10, 0x94, 0x41, 0x86, 0x60, 0x1e, 0xfe, 0xc1, 0x8a, 0x00, 0xfc,
  0x07, 0x19, 0x02, 0x77, 0x18, 0x89, 0x9d, 0x0c, 0x2f, 0x21, 0x16, 0x63,
  0x41, 0x81, 0x50, 0x6c, 0x08, 0xc8, 0x7f, 0xc4, 0xa0, 0x49, 0x42, 0x10,
  0x0c, 0x28, 0xd6, 0x88, 0x09, 0x98, 0x08, 0x52, 0xc2, 0x24, 0x50, 0x62,
  0x1f, 0xf6, 0x21, 0x2f, 0x46, 0x13, 0x02, 0x60, 0x27, 0x03, 0x4d, 0x9c,
  0x05, 0x4c, 0x50, 0x60, 0x8c, 0x61, 0x0e, 0x23, 0x50, 0x24, 0x24, 0x4a,
  0x06, 0x19, 0x86, 0x7e, 0x40, 0x89, 0x41, 0x06, 0xa2, 0x1f, 0x50, 0xc2,
  0x84, 0x40, 0xfc, 0x07, 0x19, 0x82, 0x7c, 0x20, 0x89, 0x41, 0x86, 0xe0,
  0x20, 0x89, 0x59, 0x02, 0x65, 0x90, 0x01, 0x11, 0x89, 0x93, 0x98, 0x25,
  0x50, 0x06, 0x3a, 0x02, 0x02, 0x11, 0x12, 0xe9, 0xb0, 0x5e, 0xf8, 0x05,
  0xf1, 0x9f, 0x63, 0x28, 0x89, 0x20, 0x2e, 0x06, 0x19, 0x02, 0x93, 0x58,
  0x09, 0x23, 0x02, 0xf1, 0xdf, 0xc9, 0x10, 0x16, 0x74, 0xb1, 0x1a, 0x14,
  0x04, 0xc5, 0x86, 0x40, 0xfc, 0x67, 0x09, 0x9e, 0x11, 0x83, 0x26, 0x09,
  0x41, 0x30, 0xa0, 0x7c, 0x63, 0x2c, 0xc4, 0xc2, 0x2c, 0x76, 0x02, 0x27,
  0x74, 0xa2, 0x25, 0x5a, 0x62, 0x35, 0x46, 0x13, 0x02, 0x60, 0x27, 0x83,
  0x59, 0xe4, 0x85, 0x58, 0x50, 0x60, 0x8c, 0x61, 0x0e, 0x23, 0x70, 0x24,
  0x26, 0x6a, 0x06, 0x19, 0x86, 0x97, 0xd0, 0x89, 0x41, 0x06, 0xe2, 0x25,
  0x74, 0xc2, 0x84, 0x40, 0xfc, 0x07, 0x19, 0x82, 0x95, 0xb0, 0x89, 0x41,
  0x86, 0xe0, 0xb0, 0x89, 0x59, 0x02, 0x67, 0x90, 0x01, 0xa1, 0x89, 0x9c,
  0x98, 0x25, 0x70, 0x06, 0x3a, 0x02, 0x82, 0x11, 0x1a, 0x69, 0x99, 0x63,
  0xb0, 0x89, 0x78, 0x10, 0x8d, 0x41, 0x86, 0xe0, 0x26, 0x78, 0xc2, 0x86,
  0x40, 0xfc, 0x77, 0x32, 0xc8, 0x45, 0x69, 0xf0, 0x06, 0x05, 0x41, 0xb1,
  0x21, 0x10, 0xff, 0x59, 0x82, 0x67, 0xa0, 0x25, 0xa0, 0x93, 0x80, 0x4e,
  0x08, 0x78, 0x30, 0xc8, 0x40, 0x11, 0x9c, 0x0c, 0x02, 0x62, 0x00, 0x3b,
  0x00, 0x00, 0x00, 0x5b, 0x8a, 0xe0, 0x30, 0x09, 0xe4, 0x24, 0xb6, 0x14,
  0xc7, 0x61, 0x12, 0xc8, 0x49, 0x6c, 0x29, 0x9c, 0xc3, 0x24, 0x90, 0x93,
  0xd8, 0x72, 0x50, 0x01, 0x4a, 0x1c, 0x26, 0x81, 0x9c, 0xc4, 0x96, 0xe3,
  0x0a, 0x50, 0xe2, 0x30, 0x09, 0xe4, 0x24, 0xb6, 0x1c, 0x64, 0x10, 0xf4,
  0xc3, 0x61, 0x12, 0xc8, 0x49, 0x6c, 0x39, 0xd0, 0x20, 0x48, 0x89, 0xc3,
  0x24, 0x90, 0x93, 0xd8, 0x72, 0xb8, 0x41, 0xa0, 0x12, 0x87, 0x49, 0x20,
  0x27, 0xb1, 0xa5, 0x90, 0x83, 0xc3, 0x24, 0x90, 0x93, 0xd8, 0x52, 0xdc,
  0xc1, 0x61, 0x12, 0xc8, 0x49, 0x6c, 0x29, 0xfa, 0xe0, 0x30, 0x09, 0xe4,
  0x24, 0xb6, 0x1c, 0xa2, 0x10, 0xac, 0xc4, 0x61, 0x12, 0xc8, 0x49, 0x6c,
  0x39, 0x4a, 0x21, 0x40, 0x89, 0xc3, 0x24, 0x90, 0x93, 0xd8, 0x72, 0x9c,
  0x42, 0xc0, 0x12, 0x87, 0x49, 0x20, 0x27, 0xb1, 0xe5, 0xd0, 0x85, 0x00,
  0x25, 0x0e, 0x93, 0x40, 0x4e, 0x62, 0xcb, 0xc1, 0x0b, 0x01, 0x4a, 0x1c,
  0x26, 0x81, 0x9c, 0xc4, 0x96, 0x02, 0x1d, 0x0e, 0x93, 0x40, 0x4e, 0x62,
  0x4b, 0xd1, 0x0e, 0x87, 0x49, 0x20, 0x27, 0xb1, 0xa5, 0x98, 0x87, 0xc3,
  0x24, 0x90, 0x93, 0xd8, 0x72, 0xe0, 0x43, 0x80, 0x12, 0x87, 0x49, 0x20,
  0x27, 0xb1, 0xa5, 0xd0, 0x87, 0xe3, 0x24, 0x10, 0x93, 0xd8, 0x72, 0xf4,
  0x43, 0xd0, 0x12, 0x87, 0x49, 0x20, 0x27, 0xb1, 0xe5, 0x68, 0x89, 0x00,
  0x25, 0x0e, 0x93, 0x40, 0x4e, 0x62, 0x4b, 0x01, 0x13, 0xc7, 0x49, 0x20,
  0x26, 0xb1, 0xe5, 0x98, 0x89, 0xa0, 0x25, 0x0e, 0x93, 0x40, 0x4e, 0x62,
  0xcb, 0x21, 0x16, 0x01, 0x4a, 0x1c, 0x26, 0x81, 0x9c, 0x04, 0x00, 0x00,
  0x00, 0x00, 0x00, 0x61, 0x20, 0x00, 0x00, 0x68, 0x00, 0x00, 0x00, 0x13,
  0x04, 0x49, 0x2c, 0x10, 0x00, 0x00, 0x00, 0x14, 0x00, 0x00, 0x00, 0x64,
  0x94, 0x05, 0xbd, 0x25, 0x40, 0xc0, 0x18, 0x01, 0x08, 0x82, 0x20, 0xfe,
  0x8d, 0x11, 0x80, 0x20, 0x08, 0xa2, 0xdf, 0x08, 0xc0, 0x18, 0x01, 0x08,
  0x82, 0x20, 0x08, 0x06, 0x63, 0x04, 0x20, 0x08, 0x82, 0xf0, 0x37, 0x46,
  0x00, 0x82, 0x20, 0x48, 0x82, 0xc1, 0x18, 0x01, 0x08, 0x82, 0x20, 0x0a,
  0x06, 0x63, 0x04, 0x20, 0x08, 0x82, 0x2c, 0x18, 0x8c, 0x11, 0x80, 0x20,
  0x08, 0xf2, 0xdf, 0x18, 0x01, 0x08, 0x82, 0x20, 0xff, 0x0b, 0x63, 0x04,
  0x20, 0x08, 0x82, 0xf0, 0x2f, 0x00, 0x00, 0x3b, 0x19, 0x1e, 0xaf, 0xa1,
  0xc0, 0x20, 0xc3, 0x24, 0x46, 0x80, 0x44, 0x41, 0x65, 0x4c, 0xc7, 0x18,
  0x02, 0xe4, 0x58, 0xd0, 0x88, 0xff, 0x88, 0x81, 0x61, 0x84, 0x20, 0x58,
  0xf8, 0x07, 0xc6, 0x07, 0x81, 0x05, 0x8a, 0xf8, 0x0f, 0x47, 0x04, 0x09,
  0xe3, 0x1f, 0xb3, 0x0c, 0x83, 0x10, 0x98, 0x90, 0x80, 0xff, 0x2c, 0x41,
  0x31, 0x1c, 0x31, 0x3c, 0x8a, 0x7f, 0xcc, 0x32, 0x14, 0x44, 0x60, 0x10,
  0x11, 0xfe, 0xb3, 0x04, 0xc5, 0x40, 0x07, 0x60, 0x08, 0x02, 0x61, 0x06,
  0xc3, 0x70, 0xc4, 0x21, 0x15, 0xfe, 0x31, 0x62, 0x60, 0x18, 0x21, 0x08,
  0x16, 0xfe, 0x91, 0x06, 0xa3, 0x10, 0x8c, 0x21, 0x6c, 0x6b, 0x60, 0x41,
  0x20, 0xfe, 0x56, 0x14, 0xe2, 0x6f, 0x81, 0x00, 0xfe, 0xb6, 0x05, 0xe1,
  0x6f, 0x81, 0x25, 0xfe, 0x23, 0x06, 0x88, 0x11, 0x82, 0x60, 0xe1, 0x1f,
  0x67, 0xd0, 0x0a, 0x01, 0xe7, 0x59, 0xc0, 0x89, 0xbf, 0x6d, 0x41, 0xf8,
  0xdb, 0x30, 0x88, 0xbf, 0x05, 0x8b, 0xf8, 0x5b, 0x30, 0x88, 0xff, 0x2c,
  0x01, 0x32, 0x86, 0x70, 0x06, 0x65, 0x60, 0x01, 0x19, 0x88, 0xff, 0x88,
  0x81, 0x61, 0x84, 0x20, 0x58, 0xf8, 0x07, 0x36, 0x0b, 0x81, 0x05, 0x61,
  0x20, 0xfe, 0x16, 0x78, 0xe0, 0x3f, 0x86, 0xc0, 0x06, 0x7c, 0x60, 0x41,
  0x20, 0xfe, 0x36, 0x0c, 0xe2, 0x6f, 0x81, 0x00, 0xfe, 0xc6, 0x06, 0x41,
  0xf8, 0x5b, 0x70, 0x06, 0xe2, 0x3f, 0x62, 0x80, 0x18, 0x21, 0x08, 0x16,
  0xfe, 0x71, 0x06, 0xbe, 0x10, 0xb4, 0xc1, 0x1b, 0x58, 0x10, 0x88, 0xbf,
  0x09, 0x6e, 0x20, 0xfe, 0xd6, 0x06, 0x41, 0xf8, 0xdb, 0x10, 0x88, 0xff,
  0x2c, 0x01, 0x32, 0x86, 0x70, 0x07, 0xa7, 0x30, 0x62, 0x60, 0x18, 0x21,
  0x08, 0x16, 0xfe, 0x81, 0x8d, 0x43, 0x60, 0xc1, 0x1c, 0x88, 0xbf, 0xdd,
  0x41, 0x10, 0xfe, 0x23, 0x06, 0x88, 0x11, 0x82, 0x60, 0xe1, 0x1f, 0x67,
  0x70, 0x0e, 0x81, 0x1d, 0xe0, 0x81, 0x05, 0x81, 0xf8, 0x9b, 0x70, 0x07,
  0xe2, 0x6f, 0x76, 0x10, 0x84, 0xbf, 0x0d, 0x81, 0xf8, 0xcf, 0x12, 0x20,
  0x03, 0x25, 0x00, 0x1d, 0x14, 0x94, 0x21, 0x1c, 0xfa, 0x00, 0x64, 0x10,
  0x10, 0x03, 0x00, 0x02, 0x00, 0x00, 0x00, 0x5b, 0x86, 0x20, 0xe8, 0x07,
  0x00, 0x00, 0x00, 0x00, 0x00, 0x00, 0x00, 0x71, 0x20, 0x00, 0x00, 0x03,
  0x00, 0x00, 0x00, 0x32, 0x0e, 0x10, 0x22, 0x84, 0x00, 0x8c, 0x09, 0xb8,
  0xc0, 0xbf, 0x00, 0x00, 0x00, 0x00, 0x00, 0x65, 0x0c, 0x00, 0x00, 0x7f,
  0x00, 0x00, 0x00, 0x12, 0x03, 0x94, 0xf0, 0x03, 0x00, 0x00, 0x00, 0x03,
  0x00, 0x00, 0x00, 0x56, 0x01, 0x00, 0x00, 0x09, 0x00, 0x00, 0x00, 0x4c,
  0x00, 0x00, 0x00, 0x01, 0x00, 0x00, 0x00, 0x58, 0x00, 0x00, 0x00, 0x00,
  0x00, 0x00, 0x00, 0x58, 0x00, 0x00, 0x00, 0x11, 0x00, 0x00, 0x00, 0xf0,
  0x01, 0x00, 0x00, 0x00, 0x00, 0x00, 0x00, 0x5f, 0x01, 0x00, 0x00, 0x15,
  0x00, 0x00, 0x00, 0x00, 0x00, 0x00, 0x00, 0x0e, 0x00, 0x00, 0x00, 0x74,
  0x01, 0x00, 0x00, 0x00, 0x00, 0x00, 0x00, 0xf0, 0x01, 0x00, 0x00, 0x00,
  0x00, 0x00, 0x00, 0x00, 0x00, 0x00, 0x00, 0x11, 0x00, 0x00, 0x00, 0x00,
  0x00, 0x00, 0x00, 0x00, 0x00, 0x00, 0x00, 0x0e, 0x00, 0x00, 0x00, 0x00,
  0x00, 0x00, 0x00, 0x0e, 0x00, 0x00, 0x00, 0xff, 0xff, 0xff, 0xff, 0x00,
  0x24, 0x00, 0x00, 0x0e, 0x00, 0x00, 0x00, 0x1b, 0x00, 0x00, 0x00, 0x0e,
  0x00, 0x00, 0x00, 0x1b, 0x00, 0x00, 0x00, 0xff, 0xff, 0xff, 0xff, 0x08,
  0x24, 0x00, 0x00, 0x29, 0x00, 0x00, 0x00, 0x0d, 0x00, 0x00, 0x00, 0x29,
  0x00, 0x00, 0x00, 0x0d, 0x00, 0x00, 0x00, 0xff, 0xff, 0xff, 0xff, 0x08,
  0x24, 0x00, 0x00, 0x36, 0x00, 0x00, 0x00, 0x15, 0x00, 0x00, 0x00, 0x36,
  0x00, 0x00, 0x00, 0x15, 0x00, 0x00, 0x00, 0xff, 0xff, 0xff, 0xff, 0x08,
  0x24, 0x00, 0x00, 0x4b, 0x00, 0x00, 0x00, 0x11, 0x00, 0x00, 0x00, 0x4b,
  0x00, 0x00, 0x00, 0x11, 0x00, 0x00, 0x00, 0xff, 0xff, 0xff, 0xff, 0x08,
  0x24, 0x00, 0x00, 0x5c, 0x00, 0x00, 0x00, 0x0d, 0x00, 0x00, 0x00, 0x5c,
  0x00, 0x00, 0x00, 0x0d, 0x00, 0x00, 0x00, 0xff, 0xff, 0xff, 0xff, 0x08,
  0x24, 0x00, 0x00, 0x69, 0x00, 0x00, 0x00, 0x13, 0x00, 0x00, 0x00, 0x69,
  0x00, 0x00, 0x00, 0x13, 0x00, 0x00, 0x00, 0xff, 0xff, 0xff, 0xff, 0x08,
  0x24, 0x00, 0x00, 0x7c, 0x00, 0x00, 0x00, 0x11, 0x00, 0x00, 0x00, 0x7c,
  0x00, 0x00, 0x00, 0x11, 0x00, 0x00, 0x00, 0xff, 0xff, 0xff, 0xff, 0x08,
  0x24, 0x00, 0x00, 0x8d, 0x00, 0x00, 0x00, 0x11, 0x00, 0x00, 0x00, 0x8d,
  0x00, 0x00, 0x00, 0x11, 0x00, 0x00, 0x00, 0xff, 0xff, 0xff, 0xff, 0x08,
  0x24, 0x00, 0x00, 0x9e, 0x00, 0x00, 0x00, 0x13, 0x00, 0x00, 0x00, 0x9e,
  0x00, 0x00, 0x00, 0x13, 0x00, 0x00, 0x00, 0xff, 0xff, 0xff, 0xff, 0x08,
  0x24, 0x00, 0x00, 0xb1, 0x00, 0x00, 0x00, 0x14, 0x00, 0x00, 0x00, 0xb1,
  0x00, 0x00, 0x00, 0x14, 0x00, 0x00, 0x00, 0xff, 0xff, 0xff, 0xff, 0x08,
  0x24, 0x00, 0x00, 0xc5, 0x00, 0x00, 0x00, 0x2f, 0x00, 0x00, 0x00, 0xc5,
  0x00, 0x00, 0x00, 0x2f, 0x00, 0x00, 0x00, 0xff, 0xff, 0xff, 0xff, 0x00,
  0x30, 0x00, 0x00, 0xf4, 0x00, 0x00, 0x00, 0x12, 0x00, 0x00, 0x00, 0xf4,
  0x00, 0x00, 0x00, 0x12, 0x00, 0x00, 0x00, 0xff, 0xff, 0xff, 0xff, 0x08,
  0x24, 0x00, 0x00, 0x06, 0x01, 0x00, 0x00, 0x11, 0x00, 0x00, 0x00, 0x06,
  0x01, 0x00, 0x00, 0x11, 0x00, 0x00, 0x00, 0xff, 0xff, 0xff, 0xff, 0x08,
  0x24, 0x00, 0x00, 0x17, 0x01, 0x00, 0x00, 0x12, 0x00, 0x00, 0x00, 0x17,
  0x01, 0x00, 0x00, 0x12, 0x00, 0x00, 0x00, 0xff, 0xff, 0xff, 0xff, 0x08,
  0x24, 0x00, 0x00, 0x29, 0x01, 0x00, 0x00, 0x16, 0x00, 0x00, 0x00, 0x29,
  0x01, 0x00, 0x00, 0x16, 0x00, 0x00, 0x00, 0xff, 0xff, 0xff, 0xff, 0x08,
  0x24, 0x00, 0x00, 0x3f, 0x01, 0x00, 0x00, 0x17, 0x00, 0x00, 0x00, 0x3f,
  0x01, 0x00, 0x00, 0x17, 0x00, 0x00, 0x00, 0xff, 0xff, 0xff, 0xff, 0x08,
  0x24, 0x00, 0x00, 0x00, 0x00, 0x00, 0x00, 0x5d, 0x0c, 0x00, 0x00, 0x60,
  0x00, 0x00, 0x00, 0x12, 0x03, 0x94, 0xf4, 0x02, 0x00, 0x00, 0x00, 0x66,
  0x72, 0x61, 0x67, 0x6d, 0x65, 0x6e, 0x74, 0x53, 0x68, 0x61, 0x64, 0x65,
  0x72, 0x61, 0x69, 0x72, 0x2e, 0x73, 0x61, 0x6d, 0x70, 0x6c, 0x65, 0x5f,
  0x74, 0x65, 0x78, 0x74, 0x75, 0x72, 0x65, 0x5f, 0x32, 0x64, 0x2e, 0x76,
  0x34, 0x66, 0x33, 0x32, 0x61, 0x69, 0x72, 0x2e, 0x6d, 0x69, 0x78, 0x2e,
  0x76, 0x34, 0x66, 0x33, 0x32, 0x61, 0x69, 0x72, 0x2e, 0x66, 0x61, 0x73,
  0x74, 0x5f, 0x73, 0x61, 0x74, 0x75, 0x72, 0x61, 0x74, 0x65, 0x2e, 0x66,
  0x33, 0x32, 0x61, 0x69, 0x72, 0x2e, 0x66, 0x61, 0x73, 0x74, 0x5f, 0x73,
  0x71, 0x72, 0x74, 0x2e, 0x66, 0x33, 0x32, 0x61, 0x69, 0x72, 0x2e, 0x64,
  0x6f, 0x74, 0x2e, 0x76, 0x32, 0x66, 0x33, 0x32, 0x61, 0x69, 0x72, 0x2e,
  0x66, 0x61, 0x73, 0x74, 0x5f, 0x66, 0x6d, 0x61, 0x78, 0x2e, 0x76, 0x32,
  0x66, 0x33, 0x32, 0x61, 0x69, 0x72, 0x2e, 0x66, 0x61, 0x73, 0x74, 0x5f,
  0x66, 0x6d, 0x69, 0x6e, 0x2e, 0x66, 0x33, 0x32, 0x61, 0x69, 0x72, 0x2e,
  0x66, 0x61, 0x73, 0x74, 0x5f, 0x66, 0x6d, 0x61, 0x78, 0x2e, 0x66, 0x33,
  0x32, 0x61, 0x69, 0x72, 0x2e, 0x66, 0x61, 0x73, 0x74, 0x5f, 0x66, 0x61,
  0x62, 0x73, 0x2e, 0x76, 0x32, 0x66, 0x33, 0x32, 0x61, 0x69, 0x72, 0x2e,
  0x64, 0x69, 0x73, 0x63, 0x61, 0x72, 0x64, 0x5f, 0x66, 0x72, 0x61, 0x67,
  0x6d, 0x65, 0x6e, 0x74, 0x5f, 0x5a, 0x31, 0x33, 0x6c, 0x69, 0x6e, 0x65,
  0x53, 0x74, 0x79, 0x6c, 0x65, 0x4d, 0x61, 0x73, 0x6b, 0x52, 0x55, 0x31,
  0x31, 0x4d, 0x54, 0x4c, 0x63, 0x6f, 0x6e, 0x73, 0x74, 0x61, 0x6e, 0x74,
  0x4b, 0x38, 0x55, 0x6e, 0x69, 0x66, 0x6f, 0x72, 0x6d, 0x73, 0x44, 0x76,
  0x32, 0x5f, 0x66, 0x61, 0x69, 0x72, 0x2e, 0x66, 0x61, 0x73, 0x74, 0x5f,
  0x63, 0x6c, 0x61, 0x6d, 0x70, 0x2e, 0x66, 0x33, 0x32, 0x61, 0x69, 0x72,
  0x2e, 0x66, 0x61, 0x73, 0x74, 0x5f, 0x66, 0x61, 0x62, 0x73, 0x2e, 0x66,
  0x33, 0x32, 0x61, 0x69, 0x72, 0x2e, 0x66, 0x61, 0x73, 0x74, 0x5f, 0x66,
  0x72, 0x61, 0x63, 0x74, 0x2e, 0x66, 0x33, 0x32, 0x61, 0x69, 0x72, 0x2e,
  0x63, 0x6f, 0x6e, 0x76, 0x65, 0x72, 0x74, 0x2e, 0x66, 0x2e, 0x66, 0x33,
  0x32, 0x2e, 0x75, 0x2e, 0x69, 0x31, 0x61, 0x69, 0x72, 0x2e, 0x66, 0x61,
  0x73, 0x74, 0x5f, 0x73, 0x61, 0x74, 0x75, 0x72, 0x61, 0x74, 0x65, 0x2e,
  0x76, 0x32, 0x66, 0x33, 0x32, 0x33, 0x32, 0x30, 0x32, 0x33, 0x2e, 0x38,
  0x38, 0x33, 0x61, 0x69, 0x72, 0x36, 0x34, 0x2d, 0x61, 0x70, 0x70, 0x6c,
  0x65, 0x2d, 0x69, 0x6f, 0x73, 0x31, 0x33, 0x2e, 0x30, 0x2e, 0x30, 0x00,
  0x00, 0x00, 0x00, 0xde, 0xc0, 0x17, 0x0b, 0x00, 0x00, 0x00, 0x00, 0x14,
  0x00, 0x00, 0x00, 0x34, 0x1d, 0x00, 0x00, 0xff, 0xff, 0xff, 0xff, 0x42,
  0x43, 0xc0, 0xde, 0x35, 0x14, 0x00, 0x00, 0x03, 0x00, 0x00, 0x00, 0x62,
  0x0c, 0x30, 0x24, 0x80, 0x10, 0x05, 0xc8, 0x14, 0x00, 0x00, 0x00, 0x21,
  0x0c, 0x00, 0x00, 0x61, 0x06, 0x00, 0x00, 0x0b, 0x02, 0x21, 0x00, 0x02,
  0x00, 0x00, 0x00, 0x13, 0x00, 0x00, 0x00, 0x07, 0x81, 0x23, 0x91, 0x41,
  0xc8, 0x04, 0x49, 0x06, 0x10, 0x32, 0x39, 0x92, 0x01, 0x84, 0x0c, 0x25,
  0x05, 0x08, 0x19, 0x1e, 0x04, 0x8b, 0x62, 0x80, 0x18, 0x45, 0x02, 0x42,
  0x92, 0x0b, 0x42, 0xc4, 0x10, 0x32, 0x14, 0x38, 0x08, 0x18, 0x4b, 0x0a,
  0x32, 0x62, 0x88, 0x48, 0x90, 0x14, 0x20, 0x43, 0x46, 0x88, 0xa5, 0x00,
  0x19, 0x32, 0x42, 0x04, 0x49, 0x0e, 0x90, 0x11, 0x23, 0xc4, 0x50, 0x41,
  0x51, 0x81, 0x8c, 0xe1, 0x83, 0xe5, 0x8a, 0x04, 0x31, 0x46, 0x06, 0x51,
  0x18, 0x00, 0x00, 0xfb, 0x00, 0x00, 0x00, 0x1b, 0x7e, 0x24, 0xf8, 0xff,
  0xff, 0xff, 0xff, 0x01, 0x58, 0x03, 0x40, 0x22, 0xc2, 0x01, 0x1e, 0xe0,
  0x41, 0x1e, 0xde, 0x01, 0x1f, 0xda, 0xc0, 0x1c, 0xea, 0xc1, 0x1d, 0xc6,
  0xa1, 0x0d, 0xcc, 0x01, 0x1e, 0xda, 0xa0, 0x1d, 0xc2, 0x81, 0x1e, 0xd0,
  0x01, 0xa0, 0x07, 0x79, 0xa8, 0x87, 0x72, 0x00, 0x88, 0x76, 0x48, 0x07,
  0x77, 0x68, 0x03, 0x76, 0x28, 0x87, 0x73, 0x08, 0x07, 0x76, 0x68, 0x03,
  0x7b, 0x28, 0x87, 0x71, 0xa0, 0x87, 0x77, 0x90, 0x87, 0x36, 0xb8, 0x87,
  0x74, 0x20, 0x07, 0x7a, 0x40, 0x07, 0x20, 0x0e, 0xe4, 0x00, 0x0f, 0x80,
  0xc1, 0x1d, 0xde, 0xa1, 0x0d, 0xc4, 0xa1, 0x1e, 0xd2, 0x81, 0x1d, 0xe8,
  0x21, 0x1d, 0xdc, 0x61, 0x1e, 0x00, 0xc2, 0x1d, 0xde, 0xa1, 0x0d, 0xcc,
  0x41, 0x1e, 0xc2, 0xa1, 0x1d, 0xca, 0xa1, 0x0d, 0xe0, 0xe1, 0x1d, 0xd2,
  0xc1, 0x1d, 0xe8, 0xa1, 0x1c, 0xe4, 0xa1, 0x0d, 0xca, 0x81, 0x1d, 0xd2,
  0xa1, 0x1d, 0x00, 0x7a, 0x90, 0x87, 0x7a, 0x28, 0x07, 0x80, 0x70, 0x87,
  0x77, 0x68, 0x03, 0x73, 0x90, 0x87, 0x70, 0x68, 0x87, 0x72, 0x68, 0x03,
  0x78, 0x78, 0x87, 0x74, 0x70, 0x07, 0x7a, 0x28, 0x07, 0x79, 0x68, 0x83,
  0x72, 0x60, 0x87, 0x74, 0x68, 0x87, 0x36, 0x70, 0x87, 0x77, 0x70, 0x87,
  0x36, 0x60, 0x87, 0x72, 0x08, 0x07, 0x73, 0x00, 0xe8, 0x41, 0x1e, 0xea,
  0xa1, 0x1c, 0x00, 0xc2, 0x1d, 0xde, 0xa1, 0x0d, 0xd2, 0xc1, 0x1d, 0xcc,
  0x61, 0x1e, 0xda, 0xc0, 0x1c, 0xe0, 0xa1, 0x0d, 0xda, 0x21, 0x1c, 0xe8,
  0x01, 0x1d, 0x00, 0x7a, 0x90, 0x87, 0x7a, 0x28, 0x07, 0x80, 0x70, 0x87,
  0x77, 0x68, 0x03, 0x77, 0x08, 0x07, 0x77, 0x98, 0x87, 0x36, 0x30, 0x07,
  0x78, 0x68, 0x83, 0x76, 0x08, 0x07, 0x7a, 0x40, 0x07, 0x80, 0x1e, 0xe4,
  0xa1, 0x1e, 0xca, 0x01, 0x20, 0xdc, 0xe1, 0x1d, 0xda, 0x60, 0x1e, 0xd2,
  0xe1, 0x1c, 0xdc, 0xa1, 0x1c, 0xc8, 0xa1, 0x0d, 0xf4, 0xa1, 0x1c, 0xe4,
  0xe1, 0x1d, 0xe6, 0xa1, 0x0d, 0xcc, 0x01, 0x1e, 0xda, 0xa0, 0x1d, 0xc2,
  0x81, 0x1e, 0xd0, 0x01, 0xa0, 0x07, 0x79, 0xa8, 0x87, 0x72, 0x00, 0x08,
  0x77, 0x78, 0x87, 0x36, 0xa0, 0x07, 0x79, 0x08, 0x07, 0x78, 0x80, 0x87,
  0x74, 0x70, 0x87, 0x73, 0x68, 0x83, 0x76, 0x08, 0x07, 0x7a, 0x40, 0x07,
  0x80, 0x1e, 0xe4, 0xa1, 0x1e, 0xca, 0x01, 0x20, 0xe6, 0x81, 0x1e, 0xc2,
  0x61, 0x1c, 0xd6, 0xa1, 0x0d, 0xe0, 0x41, 0x1e, 0xde, 0x81, 0x1e, 0xca,
  0x61, 0x1c, 0xe8, 0xe1, 0x1d, 0xe4, 0xa1, 0x0d, 0xc4, 0xa1, 0x1e, 0xcc,
  0xc1, 0x1c, 0xca, 0x41, 0x1e, 0xda, 0x60, 0x1e, 0xd2, 0x41, 0x1f, 0xca,
  0x01, 0xc0, 0x03, 0x80, 0xa8, 0x07, 0x77, 0x98, 0x87, 0x70, 0x30, 0x87,
  0x72, 0x68, 0x03, 0x73, 0x80, 0x87, 0x36, 0x68, 0x87, 0x70, 0xa0, 0x07,
  0x74, 0x00, 0xe8, 0x41, 0x1e, 0xea, 0xa1, 0x1c, 0x80, 0x0d, 0x61, 0x20,
  0x14, 0xc0, 0x02, 0x54, 0x41, 0x00, 0x05, 0x69, 0x40, 0x17, 0x43, 0x38,
  0xa4, 0x83, 0x3c, 0xb4, 0x81, 0x38, 0xd4, 0x83, 0x39, 0x98, 0x43, 0x39,
  0xc8, 0x43, 0x1b, 0xb8, 0xc3, 0x3b, 0xb4, 0x41, 0x38, 0xb0, 0x43, 0x3a,
  0x84, 0xc3, 0x3c, 0x00, 0x1b, 0x8c, 0xe1, 0x00, 0x16, 0xa0, 0xda, 0xa0,
  0x10, 0xff, 0xff, 0xff, 0xff, 0x3f, 0x00, 0x6d, 0x00, 0xac, 0x01, 0x20,
  0x01, 0xd5, 0x06, 0xa3, 0x08, 0x80, 0x05, 0xa8, 0x36, 0x18, 0x86, 0x00,
  0x2c, 0x40, 0xb5, 0xc1, 0x38, 0xfe, 0xff, 0xff, 0xff, 0x7f, 0x00, 0x24,
  0x80, 0xda, 0x40, 0x20, 0xff, 0xff, 0xff, 0xff, 0x3f, 0x00, 0xd2, 0x06,
  0x1f, 0x49, 0xfe, 0xff, 0xff, 0xff, 0x7f, 0x00, 0x24, 0x80, 0x22, 0xc2,
  0x01, 0x1e, 0xe0, 0x41, 0x1e, 0xde, 0x01, 0x1f, 0xda, 0xc0, 0x1c, 0xea,
  0xc1, 0x1d, 0xc6, 0xa1, 0x0d, 0xcc, 0x01, 0x1e, 0xda, 0xa0, 0x1d, 0xc2,
  0x81, 0x1e, 0xd0, 0x01, 0xa0, 0x07, 0x79, 0xa8, 0x87, 0x72, 0x00, 0x88,
  0x76, 0x48, 0x07, 0x77, 0x68, 0x03, 0x76, 0x28, 0x87, 0x73, 0x08, 0x07,
  0x76, 0x68, 0x03, 0x7b, 0x28, 0x87, 0x71, 0xa0, 0x87, 0x77, 0x90, 0x87,
  0x36, 0xb8, 0x87, 0x74, 0x20, 0x07, 0x7a, 0x40, 0x07, 0xc0, 0x0e, 0xe8,
  0x00, 0x18, 0xdc, 0xe1, 0x1d, 0xda, 0x40, 0x1c, 0xea, 0x21, 0x1d, 0xd8,
  0x81, 0x1e, 0xd2, 0xc1, 0x1d, 0xe6, 0x01, 0x20, 0xdc, 0xe1, 0x1d, 0xda,
  0xc0, 0x1c, 0xe4, 0x21, 0x1c, 0xda, 0xa1, 0x1c, 0xda, 0x00, 0x1e, 0xde,
  0x21, 0x1d, 0xdc, 0x81, 0x1e, 0xca, 0x41, 0x1e, 0xda, 0xa0, 0x1c, 0xd8,
  0x21, 0x1d, 0xda, 0x01, 0xa0, 0x07, 0x79, 0xa8, 0x87, 0x72, 0x00, 0x08,
  0x77, 0x78, 0x87, 0x36, 0x30, 0x07, 0x79, 0x08, 0x87, 0x76, 0x28, 0x87,
  0x36, 0x80, 0x87, 0x77, 0x48, 0x07, 0x77, 0xa0, 0x87, 0x72, 0x90, 0x87,
  0x36, 0x28, 0x07, 0x76, 0x48, 0x87, 0x76, 0x68, 0x03, 0x77, 0x78, 0x07,
  0x77, 0x68, 0x03, 0x76, 0x28, 0x87, 0x70, 0x30, 0x07, 0x80, 0x1e, 0xe4,
  0xa1, 0x1e, 0xca, 0x01, 0x20, 0xdc, 0xe1, 0x1d, 0xda, 0x20, 0x1d, 0xdc,
  0xc1, 0x1c, 0xe6, 0xa1, 0x0d, 0xcc, 0x01, 0x1e, 0xda, 0xa0, 0x1d, 0xc2,
  0x81, 0x1e, 0xd0, 0x01, 0xa0, 0x07, 0x79, 0xa8, 0x87, 0x72, 0x00, 0x08,
  0x77, 0x78, 0x87, 0x36, 0x70, 0x87, 0x70, 0x70, 0x87, 0x79, 0x68, 0x03,
  0x73, 0x80, 0x87, 0x36, 0x68, 0x87, 0x70, 0xa0, 0x07, 0x74, 0x00, 0xe8,
  0x41, 0x1e, 0xea, 0xa1, 0x1c, 0x00, 0xc2, 0x1d, 0xde, 0xa1, 0x0d, 0xe6,
  0x21, 0x1d, 0xce, 0xc1, 0x1d, 0xca, 0x81, 0x1c, 0xda, 0x40, 0x1f, 0xca,
  0x41, 0x1e, 0xde, 0x61, 0x1e, 0xda, 0xc0, 0x1c, 0xe0, 0xa1, 0x0d, 0xda,
  0x21, 0x1c, 0xe8, 0x01, 0x1d, 0x00, 0x7a, 0x90, 0x87, 0x7a, 0x28, 0x07,
  0x80, 0x70, 0x87, 0x77, 0x68, 0x03, 0x7a, 0x90, 0x87, 0x70, 0x80, 0x07,
  0x78, 0x48, 0x07, 0x77, 0x38, 0x87, 0x36, 0x68, 0x87, 0x70, 0xa0, 0x07,
  0x74, 0x00, 0xe8, 0x41, 0x1e, 0xea, 0xa1, 0x1c, 0x00, 0x62, 0x1e, 0xe8,
  0x21, 0x1c, 0xc6, 0x61, 0x1d, 0xda, 0x00, 0x1e, 0xe4, 0xe1, 0x1d, 0xe8,
  0xa1, 0x1c, 0xc6, 0x81, 0x1e, 0xde, 0x41, 0x1e, 0xda, 0x40, 0x1c, 0xea,
  0xc1, 0x1c, 0xcc, 0xa1, 0x1c, 0xe4, 0xa1, 0x0d, 0xe6, 0x21, 0x1d, 0xf4,
  0xa1, 0x1c, 0x00, 0x3c, 0x00, 0x88, 0x7a, 0x70, 0x87, 0x79, 0x08, 0x07,
  0x73, 0x28, 0x87, 0x36, 0x30, 0x07, 0x78, 0x68, 0x83, 0x76, 0x08, 0x07,
  0x7a, 0x40, 0x07, 0x80, 0x1e, 0xe4, 0xa1, 0x1e, 0xca, 0x01, 0xd8, 0xc0,
  0x28, 0x01, 0xb0, 0x00, 0x55, 0x10, 0x40, 0x41, 0x1a, 0xd0, 0xc5, 0x06,
  0x63, 0xf9, 0xff, 0xff, 0xff, 0xff, 0x01, 0x90, 0x00, 0x6a, 0x03, 0xc1,
  0xfc, 0xff, 0xff, 0xff, 0xff, 0x00, 0x48, 0x1b, 0x94, 0xe6, 0xff, 0xff,
  0xff, 0xff, 0x07, 0xa0, 0x0d, 0x80, 0x35, 0x00, 0x24, 0xa0, 0xda, 0x10,
  0x39, 0xff, 0xff, 0xff, 0xff, 0x3f, 0x00, 0xca, 0xe0, 0x0e, 0xef, 0xd0,
  0x06, 0xe2, 0x50, 0x0f, 0xe9, 0xc0, 0x0e, 0xf4, 0x90, 0x0e, 0xee, 0x30,
  0x0f, 0xc0, 0x06, 0xe4, 0x09, 0x82, 0x00, 0x0a, 0xd2, 0x80, 0x2e, 0x00,
  0x00, 0x00, 0x00, 0x49, 0x18, 0x00, 0x00, 0x08, 0x00, 0x00, 0x00, 0x13,
  0x86, 0x40, 0x18, 0x26, 0x0c, 0x44, 0x61, 0x4c, 0x08, 0x8e, 0x09, 0x01,
  0x32, 0x41, 0x48, 0x94, 0x09, 0xc1, 0x32, 0x21, 0x60, 0x26, 0x0c, 0x4d,
  0x61, 0x4c, 0x10, 0x9c, 0x07, 0x00, 0x00, 0x89, 0x20, 0x00, 0x00, 0x45,
  0x00, 0x00, 0x00, 0x32, 0x22, 0x88, 0x09, 0x20, 0x64, 0x85, 0x04, 0x13,
  0x23, 0xa4, 0x84, 0x04, 0x13, 0x23, 0xe3, 0x84, 0xa1, 0x90, 0x14, 0x12,
  0x4c, 0x8c, 0x8c, 0x0b, 0x84, 0xc4, 0x4c, 0x10, 0xdc, 0xc1, 0x0c, 0xc0,
  0x30, 0x02, 0x01, 0x0c, 0x23, 0x08, 0xc0, 0x30, 0xc2, 0x00, 0xe4, 0xc0,
  0x30, 0x13, 0x35, 0x0f, 0xf4, 0x20, 0x0f, 0xf5, 0x30, 0x0e, 0xf4, 0xe0,
  0x06, 0xed, 0x50, 0x0e, 0xf4, 0x10, 0x0e, 0xec, 0xa0, 0x07, 0x7a, 0xd0,
  0x0e, 0xe1, 0x40, 0x0f, 0xf2, 0x90, 0x0e, 0xf8, 0x80, 0x02, 0x62, 0x8e,
  0x00, 0x0c, 0xe6, 0x08, 0x90, 0x64, 0x38, 0xee, 0x91, 0xa6, 0x88, 0x12,
  0x26, 0xdf, 0x6d, 0x90, 0xc2, 0x89, 0x18, 0x09, 0x3f, 0x45, 0x11, 0x04,
  0x82, 0x20, 0x00, 0x00, 0x00, 0x18, 0x86, 0x81, 0x0c, 0x22, 0x24, 0xc2,
  0x51, 0xd2, 0x14, 0x51, 0xc2, 0xe4, 0xff, 0x13, 0x71, 0x4d, 0x54, 0x44,
  0xfc, 0xf6, 0xf0, 0x4f, 0x63, 0x04, 0xc0, 0x20, 0xc2, 0x12, 0x5c, 0x24,
  0x4d, 0x11, 0x25, 0x4c, 0xfe, 0x2f, 0x01, 0xcc, 0xb3, 0x10, 0xd1, 0x3f,
  0x8d, 0x11, 0x00, 0x83, 0x08, 0x8d, 0x50, 0x90, 0x20, 0x10, 0x04, 0x41,
  0x61, 0x1c, 0x7a, 0x8c, 0x10, 0x1c, 0x73, 0x04, 0xc1, 0x30, 0x82, 0x60,
  0x14, 0x25, 0x62, 0x1c, 0x41, 0x9a, 0x24, 0x00, 0x30, 0x88, 0x2a, 0x44,
  0x10, 0x04, 0x01, 0x59, 0x45, 0x00, 0x00, 0xc2, 0xca, 0x00, 0x08, 0x02,
  0x69, 0x65, 0x10, 0x04, 0x81, 0xb8, 0x32, 0x00, 0x00, 0x40, 0x5e, 0x11,
  0x04, 0x81, 0xc0, 0x11, 0x80, 0x12, 0x88, 0x34, 0x96, 0x01, 0x50, 0x04,
  0x2a, 0x0b, 0x01, 0x00, 0x00, 0x40, 0x67, 0x11, 0x00, 0x89, 0xd2, 0x81,
  0x80, 0x14, 0x30, 0x06, 0x11, 0x02, 0x61, 0x18, 0x61, 0x30, 0xe6, 0x08,
  0x40, 0x61, 0x10, 0x61, 0x10, 0x06, 0x11, 0x04, 0x61, 0x0a, 0x60, 0x10,
  0xc1, 0x10, 0x86, 0x11, 0x08, 0x63, 0x10, 0x01, 0x10, 0x06, 0x11, 0x0a,
  0x01, 0x00, 0x00, 0x13, 0xaa, 0x70, 0x48, 0x07, 0x79, 0xb0, 0x03, 0x3a,
  0x68, 0x83, 0x70, 0x80, 0x07, 0x78, 0x60, 0x87, 0x72, 0x68, 0x83, 0x74,
  0x78, 0x87, 0x79, 0x88, 0x83, 0x39, 0x70, 0x03, 0x38, 0x70, 0x03, 0x38,
  0xd8, 0x70, 0x1b, 0xe5, 0xd0, 0x06, 0xf0, 0xa0, 0x07, 0x76, 0x40, 0x07,
  0x7a, 0x60, 0x07, 0x74, 0xa0, 0x07, 0x76, 0x40, 0x07, 0x6d, 0x90, 0x0e,
  0x71, 0xa0, 0x07, 0x78, 0xa0, 0x07, 0x78, 0xd0, 0x06, 0xe9, 0x80, 0x07,
  0x7a, 0x80, 0x07, 0x7a, 0x80, 0x07, 0x6d, 0x90, 0x0e, 0x71, 0x60, 0x07,
  0x7a, 0x10, 0x07, 0x76, 0xa0, 0x07, 0x71, 0x60, 0x07, 0x6d, 0x90, 0x0e,
  0x73, 0x20, 0x07, 0x7a, 0x30, 0x07, 0x72, 0xa0, 0x07, 0x73, 0x20, 0x07,
  0x6d, 0x90, 0x0e, 0x76, 0x40, 0x07, 0x7a, 0x60, 0x07, 0x74, 0xa0, 0x07,
  0x76, 0x40, 0x07, 0x6d, 0x60, 0x0e, 0x73, 0x20, 0x07, 0x7a, 0x30, 0x07,
  0x72, 0xa0, 0x07, 0x73, 0x20, 0x07, 0x6d, 0x60, 0x0e, 0x76, 0x40, 0x07,
  0x7a, 0x60, 0x07, 0x74, 0xa0, 0x07, 0x76, 0x40, 0x07, 0x6d, 0x60, 0x0f,
  0x71, 0x60, 0x07, 0x7a, 0x10, 0x07, 0x76, 0xa0, 0x07, 0x71, 0x60, 0x07,
  0x6d, 0x60, 0x0f, 0x72, 0x40, 0x07, 0x7a, 0x30, 0x07, 0x72, 0xa0, 0x07,
  0x73, 0x20, 0x07, 0x6d, 0x60, 0x0f, 0x73, 0x20, 0x07, 0x7a, 0x30, 0x07,
  0x72, 0xa0, 0x07, 0x73, 0x20, 0x07, 0x6d, 0x60, 0x0f, 0x74, 0x80, 0x07,
  0x7a, 0x60, 0x07, 0x74, 0xa0, 0x07, 0x76, 0x40, 0x07, 0x6d, 0x60, 0x0f,
  0x76, 0x40, 0x07, 0x7a, 0x60, 0x07, 0x74, 0xa0, 0x07, 0x76, 0x40, 0x07,
  0x6d, 0x60, 0x0f, 0x79, 0x60, 0x07, 0x7a, 0x10, 0x07, 0x72, 0x80, 0x07,
  0x7a, 0x10, 0x07, 0x72, 0x80, 0x07, 0x6d, 0x60, 0x0f, 0x71, 0x20, 0x07,
  0x78, 0xa0, 0x07, 0x71, 0x20, 0x07, 0x78, 0xa0, 0x07, 0x71, 0x20, 0x07,
  0x78, 0xd0, 0x06, 0xf6, 0x10, 0x07, 0x79, 0x20, 0x07, 0x7a, 0x20, 0x07,
  0x75, 0x60, 0x07, 0x7a, 0x20, 0x07, 0x75, 0x60, 0x07, 0x6d, 0x60, 0x0f,
  0x72, 0x50, 0x07, 0x76, 0xa0, 0x07, 0x72, 0x50, 0x07, 0x76, 0xa0, 0x07,
  0x72, 0x50, 0x07, 0x76, 0xd0, 0x06, 0xf6, 0x50, 0x07, 0x71, 0x20, 0x07,
  0x7a, 0x50, 0x07, 0x71, 0x20, 0x07, 0x7a, 0x50, 0x07, 0x71, 0x20, 0x07,
  0x6d, 0x60, 0x0f, 0x71, 0x00, 0x07, 0x72, 0x40, 0x07, 0x7a, 0x10, 0x07,
  0x70, 0x20, 0x07, 0x74, 0xa0, 0x07, 0x71, 0x00, 0x07, 0x72, 0x40, 0x07,
  0x6d, 0xe0, 0x0e, 0x78, 0xa0, 0x07, 0x71, 0x60, 0x07, 0x7a, 0x30, 0x07,
  0x72, 0xa0, 0x11, 0xc2, 0x90, 0x50, 0x11, 0x01, 0x06, 0x43, 0x34, 0x13,
  0x7b, 0x00, 0x03, 0x11, 0x69, 0xda, 0x90, 0x08, 0x80, 0x1e, 0x00, 0x00,
  0x02, 0x00, 0x00, 0x00, 0x01, 0x00, 0x00, 0x00, 0x18, 0x12, 0x41, 0x1b,
  0x05, 0x04, 0x80, 0x00, 0x00, 0x00, 0x20, 0x00, 0x00, 0x00, 0x00, 0x43,
  0xa2, 0x35, 0x68, 0x2c, 0x20, 0x00, 0x06, 0x00, 0x00, 0x00, 0x01, 0x00,
  0x00, 0x00, 0x18, 0x12, 0xe1, 0x41, 0x85, 0x01, 0x01, 0x30, 0x00, 0x00,
  0x00, 0x08, 0x00, 0x00, 0x00, 0xc0, 0x90, 0xa8, 0x15, 0x22, 0x0c, 0x08,
  0x80, 0x01, 0x00, 0x00, 0x40, 0x00, 0x00, 0x00, 0x00, 0x86, 0x44, 0xbe,
  0xd0, 0x68, 0x40, 0x00, 0x0c, 0x00, 0x00, 0x00, 0x02, 0x00, 0x00, 0x00,
  0x30, 0x24, 0x5a, 0x87, 0x89, 0x03, 0x02, 0x60, 0x00, 0x00, 0x00, 0x10,
  0x00, 0x00, 0x00, 0x80, 0x21, 0x91, 0x3f, 0x44, 0x1e, 0x10, 0x00, 0x03,
  0x00, 0x00, 0x80, 0x00, 0x00, 0x00, 0x00, 0x0c, 0x89, 0x5e, 0x22, 0xf2,
  0x80, 0x00, 0x18, 0x00, 0x00, 0x00, 0x04, 0x00, 0x00, 0x00, 0x60, 0x48,
  0x04, 0x16, 0x13, 0x18, 0x00, 0x01, 0x30, 0x00, 0x00, 0x00, 0x08, 0x00,
  0x00, 0x00, 0xc0, 0x90, 0x68, 0x2e, 0xa8, 0x31, 0x00, 0x02, 0x80, 0x00,
  0x00, 0x00, 0x10, 0x00, 0x00, 0x00, 0x80, 0x21, 0xd1, 0x69, 0xbc, 0x41,
  0x19, 0x20, 0xc0, 0x50, 0x00, 0x00, 0x00, 0x04, 0x00, 0x00, 0x00, 0xc0,
  0x90, 0xc8, 0x3e, 0xa4, 0x33, 0x00, 0x02, 0x60, 0x00, 0x00, 0x00, 0x10,
  0x00, 0x00, 0x00, 0x80, 0x21, 0x11, 0x8a, 0x44, 0x18, 0x10, 0x00, 0x03,
  0x00, 0x00, 0x80, 0x00, 0x00, 0x00, 0x00, 0x0c, 0x89, 0x72, 0x44, 0xc2,
  0x80, 0x00, 0x18, 0x00, 0x00, 0x00, 0x04, 0x00, 0x00, 0x00, 0x60, 0x48,
  0xb4, 0x26, 0x56, 0x1a, 0x00, 0x01, 0x30, 0x00, 0x00, 0x00, 0x08, 0x00,
  0x00, 0x00, 0xc0, 0x90, 0x28, 0x54, 0x2e, 0x30, 0x00, 0x02, 0x60, 0x00,
  0x00, 0x00, 0x10, 0x00, 0x00, 0x00, 0x00, 0x89, 0x0d, 0x02, 0x45, 0xc7,
  0x0c, 0x00, 0x00, 0xb2, 0x40, 0x00, 0x00, 0x1b, 0x00, 0x00, 0x00, 0x32,
  0x1e, 0x98, 0x18, 0x19, 0x11, 0x4c, 0x90, 0x8c, 0x09, 0x26, 0x47, 0xc6,
  0x04, 0x43, 0x32, 0x8a, 0xa0, 0x04, 0x0a, 0x61, 0x04, 0xa0, 0x0c, 0x0a,
  0x70, 0xa0, 0xc0, 0x0a, 0x38, 0xa0, 0x40, 0x0a, 0x3c, 0xa0, 0x00, 0x05,
  0x0a, 0xa2, 0x20, 0x05, 0x0a, 0x54, 0xa0, 0x60, 0x05, 0x0a, 0x57, 0xa0,
  0x80, 0x05, 0x0a, 0x59, 0xa0, 0xa0, 0x05, 0x0a, 0x5b, 0xa0, 0xc0, 0x05,
  0x4a, 0xa1, 0x18, 0xe8, 0x1d, 0x01, 0x28, 0xb0, 0x02, 0x0e, 0x28, 0xf0,
  0x80, 0x02, 0x14, 0x28, 0x48, 0x81, 0x02, 0x15, 0x28, 0x58, 0x81, 0xc2,
  0x15, 0x28, 0x60, 0x81, 0x42, 0x16, 0x28, 0x68, 0x81, 0xc2, 0x16, 0x28,
  0x70, 0x01, 0x62, 0xc7, 0x12, 0x34, 0x02, 0x00, 0x00, 0x00, 0x00, 0xb1,
  0x18, 0x00, 0x00, 0xa5, 0x00, 0x00, 0x00, 0x33, 0x08, 0x80, 0x1c, 0xc4,
  0xe1, 0x1c, 0x66, 0x14, 0x01, 0x3d, 0x88, 0x43, 0x38, 0x84, 0xc3, 0x8c,
  0x42, 0x80, 0x07, 0x79, 0x78, 0x07, 0x73, 0x98, 0x71, 0x0c, 0xe6, 0x00,
  0x0f, 0xed, 0x10, 0x0e, 0xf4, 0x80, 0x0e, 0x33, 0x0c, 0x42, 0x1e, 0xc2,
  0xc1, 0x1d, 0xce, 0xa1, 0x1c, 0x66, 0x30, 0x05, 0x3d, 0x88, 0x43, 0x38,
  0x84, 0x83, 0x1b, 0xcc, 0x03, 0x3d, 0xc8, 0x43, 0x3d, 0x8c, 0x03, 0x3d,
  0xcc, 0x78, 0x8c, 0x74, 0x70, 0x07, 0x7b, 0x08, 0x07, 0x79, 0x48, 0x87,
  0x70, 0x70, 0x07, 0x7a, 0x70, 0x03, 0x76, 0x78, 0x87, 0x70, 0x20, 0x87,
  0x19, 0xcc, 0x11, 0x0e, 0xec, 0x90, 0x0e, 0xe1, 0x30, 0x0f, 0x6e, 0x30,
  0x0f, 0xe3, 0xf0, 0x0e, 0xf0, 0x50, 0x0e, 0x33, 0x10, 0xc4, 0x1d, 0xde,
  0x21, 0x1c, 0xd8, 0x21, 0x1d, 0xc2, 0x61, 0x1e, 0x66, 0x30, 0x89, 0x3b,
  0xbc, 0x83, 0x3b, 0xd0, 0x43, 0x39, 0xb4, 0x03, 0x3c, 0xbc, 0x83, 0x3c,
  0x84, 0x03, 0x3b, 0xcc, 0xf0, 0x14, 0x76, 0x60, 0x07, 0x7b, 0x68, 0x07,
  0x37, 0x68, 0x87, 0x72, 0x68, 0x07, 0x37, 0x80, 0x87, 0x70, 0x90, 0x87,
  0x70, 0x60, 0x07, 0x76, 0x28, 0x07, 0x76, 0xf8, 0x05, 0x76, 0x78, 0x87,
  0x77, 0x80, 0x87, 0x5f, 0x08, 0x87, 0x71, 0x18, 0x87, 0x72, 0x98, 0x87,
  0x79, 0x98, 0x81, 0x2c, 0xee, 0xf0, 0x0e, 0xee, 0xe0, 0x0e, 0xf5, 0xc0,
  0x0e, 0xec, 0x30, 0x03, 0x62, 0xc8, 0xa1, 0x1c, 0xe4, 0xa1, 0x1c, 0xcc,
  0xa1, 0x1c, 0xe4, 0xa1, 0x1c, 0xdc, 0x61, 0x1c, 0xca, 0x21, 0x1c, 0xc4,
  0x81, 0x1d, 0xca, 0x61, 0x06, 0xd6, 0x90, 0x43, 0x39, 0xc8, 0x43, 0x39,
  0x98, 0x43, 0x39, 0xc8, 0x43, 0x39, 0xb8, 0xc3, 0x38, 0x94, 0x43, 0x38,
  0x88, 0x03, 0x3b, 0x94, 0xc3, 0x2f, 0xbc, 0x83, 0x3c, 0xfc, 0x82, 0x3b,
  0xd4, 0x03, 0x3b, 0xb0, 0xc3, 0x0c, 0xc7, 0x69, 0x87, 0x70, 0x58, 0x87,
  0x72, 0x70, 0x83, 0x74, 0x68, 0x07, 0x78, 0x60, 0x87, 0x74, 0x18, 0x87,
  0x74, 0xa0, 0x87, 0x19, 0xce, 0x53, 0x0f, 0xee, 0x00, 0x0f, 0xf2, 0x50,
  0x0e, 0xe4, 0x90, 0x0e, 0xe3, 0x40, 0x0f, 0xe1, 0x20, 0x0e, 0xec, 0x50,
  0x0e, 0x33, 0x20, 0x28, 0x1d, 0xdc, 0xc1, 0x1e, 0xc2, 0x41, 0x1e, 0xd2,
  0x21, 0x1c, 0xdc, 0x81, 0x1e, 0xdc, 0xe0, 0x1c, 0xe4, 0xe1, 0x1d, 0xea,
  0x01, 0x1e, 0x66, 0x18, 0x51, 0x38, 0xb0, 0x43, 0x3a, 0x9c, 0x83, 0x3b,
  0xcc, 0x50, 0x24, 0x76, 0x60, 0x07, 0x7b, 0x68, 0x07, 0x37, 0x60, 0x87,
  0x77, 0x78, 0x07, 0x78, 0x98, 0x51, 0x4c, 0xf4, 0x90, 0x0f, 0xf0, 0x50,
  0x0e, 0x33, 0x1e, 0x6a, 0x1e, 0xca, 0x61, 0x1c, 0xe8, 0x21, 0x1d, 0xde,
  0xc1, 0x1d, 0x7e, 0x01, 0x1e, 0xe4, 0xa1, 0x1c, 0xcc, 0x21, 0x1d, 0xf0,
  0x61, 0x06, 0x54, 0x85, 0x83, 0x38, 0xcc, 0xc3, 0x3b, 0xb0, 0x43, 0x3d,
  0xd0, 0x43, 0x39, 0xfc, 0xc2, 0x3c, 0xe4, 0x43, 0x3b, 0x88, 0xc3, 0x3b,
  0xb0, 0xc3, 0x8c, 0xc5, 0x0a, 0x87, 0x79, 0x98, 0x87, 0x77, 0x18, 0x87,
  0x74, 0x08, 0x07, 0x7a, 0x28, 0x07, 0x72, 0x98, 0x81, 0x5c, 0xe3, 0x10,
  0x0e, 0xec, 0xc0, 0x0e, 0xe5, 0x50, 0x0e, 0xf3, 0x30, 0x23, 0xc1, 0xd2,
  0x41, 0x1e, 0xe4, 0xe1, 0x17, 0xd8, 0xe1, 0x1d, 0xde, 0x01, 0x1e, 0x66,
  0x48, 0x19, 0x3b, 0xb0, 0x83, 0x3d, 0xb4, 0x83, 0x1b, 0x84, 0xc3, 0x38,
  0x8c, 0x43, 0x39, 0xcc, 0xc3, 0x3c, 0xb8, 0xc1, 0x39, 0xc8, 0xc3, 0x3b,
  0xd4, 0x03, 0x3c, 0xcc, 0x48, 0xb4, 0x71, 0x08, 0x07, 0x76, 0x60, 0x07,
  0x71, 0x08, 0x87, 0x71, 0x58, 0x87, 0x19, 0xdb, 0xc6, 0x0e, 0xec, 0x60,
  0x0f, 0xed, 0xe0, 0x06, 0xf0, 0x20, 0x0f, 0xe5, 0x30, 0x0f, 0xe5, 0x20,
  0x0f, 0xf6, 0x50, 0x0e, 0x6e, 0x10, 0x0e, 0xe3, 0x30, 0x0e, 0xe5, 0x30,
  0x0f, 0xf3, 0xe0, 0x06, 0xe9, 0xe0, 0x0e, 0xe4, 0x50, 0x0e, 0xf8, 0x30,
  0x23, 0xe2, 0xec, 0x61, 0x1c, 0xc2, 0x81, 0x1d, 0xd8, 0xe1, 0x17, 0xec,
  0x21, 0x1d, 0xe6, 0x21, 0x1d, 0xc4, 0x21, 0x1d, 0xd8, 0x21, 0x1d, 0xe8,
  0x21, 0x1f, 0x66, 0x20, 0x9d, 0x3b, 0xbc, 0x43, 0x3d, 0xb8, 0x03, 0x39,
  0x94, 0x83, 0x39, 0xcc, 0x58, 0xbc, 0x70, 0x70, 0x07, 0x77, 0x78, 0x07,
  0x7a, 0x08, 0x07, 0x7a, 0x48, 0x87, 0x77, 0x70, 0x87, 0x19, 0xce, 0x87,
  0x0e, 0xe5, 0x10, 0x0e, 0xf0, 0x10, 0x0e, 0xec, 0xc0, 0x0e, 0xef, 0x30,
  0x0e, 0xf3, 0x90, 0x0e, 0xf4, 0x50, 0x0e, 0x33, 0x28, 0x30, 0x08, 0x87,
  0x74, 0x90, 0x07, 0x37, 0x30, 0x87, 0x7a, 0x70, 0x87, 0x71, 0xa0, 0x87,
  0x74, 0x78, 0x07, 0x77, 0xf8, 0x85, 0x73, 0x90, 0x87, 0x77, 0xa8, 0x07,
  0x78, 0x98, 0x07, 0x00, 0x00, 0x00, 0x00, 0x79, 0x20, 0x00, 0x00, 0x87,
  0x01, 0x00, 0x00, 0x32, 0x9a, 0x08, 0x14, 0x02, 0x85, 0x8c, 0x27, 0x46,
  0x46, 0xc8, 0x11, 0x32, 0x64, 0xd4, 0xf8, 0x00, 0x0e, 0xf4, 0x0c, 0x8b,
  0x12, 0x07, 0xc5, 0xc6, 0x91, 0x41, 0x14, 0x19, 0x8c, 0x22, 0x31, 0x83,
  0x54, 0x3d, 0x06, 0x81, 0x1d, 0x93, 0xa0, 0x3c, 0x12, 0x42, 0x21, 0x0a,
  0x82, 0x20, 0x0a, 0x63, 0x14, 0xc6, 0xa1, 0x24, 0x43, 0x72, 0x10, 0xd1,
  0x85, 0x20, 0x8b, 0x82, 0x1d, 0xcb, 0xf1, 0x3c, 0xcd, 0x07, 0x00, 0x53,
  0x44, 0x4b, 0x20, 0x56, 0x65, 0x72, 0x73, 0x69, 0x6f, 0x6e, 0x77, 0x63,
  0x68, 0x61, 0x72, 0x5f, 0x73, 0x69, 0x7a, 0x65, 0x41, 0x70, 0x70, 0x6c,
  0x65, 0x20, 0x6d, 0x65, 0x74, 0x61, 0x6c, 0x20, 0x76, 0x65, 0x72, 0x73,
  0x69, 0x6f, 0x6e, 0x20, 0x33, 0x32, 0x30, 0x32, 0x33, 0x2e, 0x38, 0x38,
  0x33, 0x20, 0x28, 0x6d, 0x65, 0x74, 0x61, 0x6c, 0x66, 0x65, 0x2d, 0x33,
  0x32, 0x30, 0x32, 0x33, 0x2e, 0x38, 0x38, 0x33, 0x29, 0x4d, 0x65, 0x74,
  0x61, 0x6c, 0x61, 0x69, 0x72, 0x2e, 0x63, 0x6f, 0x6d, 0x70, 0x69, 0x6c,
  0x65, 0x2e, 0x64, 0x65, 0x6e, 0x6f, 0x72, 0x6d, 0x73, 0x5f, 0x64, 0x69,
  0x73, 0x61, 0x62, 0x6c, 0x65, 0x61, 0x69, 0x72, 0x2e, 0x63, 0x6f, 0x6d,
  0x70, 0x69, 0x6c, 0x65, 0x2e, 0x66, 0x61, 0x73, 0x74, 0x5f, 0x6d, 0x61,
  0x74, 0x68, 0x5f, 0x65, 0x6e, 0x61, 0x62, 0x6c, 0x65, 0x61, 0x69, 0x72,
  0x2e, 0x63, 0x6f, 0x6d, 0x70, 0x69, 0x6c, 0x65, 0x2e, 0x66, 0x72, 0x61,
  0x6d, 0x65, 0x62, 0x75, 0x66, 0x66, 0x65, 0x72, 0x5f, 0x66, 0x65, 0x74,
  0x63, 0x68, 0x5f, 0x65, 0x6e, 0x61, 0x62, 0x6c, 0x65, 0x61, 0x69, 0x72,
  0x2e, 0x72, 0x65, 0x6e, 0x64, 0x65, 0x72, 0x5f, 0x74, 0x61, 0x72, 0x67,
  0x65, 0x74, 0x61, 0x69, 0x72, 0x2e, 0x61, 0x72, 0x67, 0x5f, 0x74, 0x79,
  0x70, 0x65, 0x5f, 0x6e, 0x61, 0x6d, 0x65, 0x66, 0x6c, 0x6f, 0x61, 0x74,
  0x34, 0x61, 0x69, 0x72, 0x2e, 0x70, 0x6f, 0x73, 0x69, 0x74, 0x69, 0x6f,
  0x6e, 0x61, 0x69, 0x72, 0x2e, 0x63, 0x65, 0x6e, 0x74, 0x65, 0x72, 0x61,
  0x69, 0x72, 0x2e, 0x6e, 0x6f, 0x5f, 0x70, 0x65, 0x72, 0x73, 0x70, 0x65,
  0x63, 0x74, 0x69, 0x76, 0x65, 0x61, 0x69, 0x72, 0x2e, 0x61, 0x72, 0x67,
  0x5f, 0x6e, 0x61, 0x6d, 0x65, 0x70, 0x6f, 0x73, 0x61, 0x69, 0x72, 0x2e,
  0x66, 0x72, 0x61, 0x67, 0x6d, 0x65, 0x6e, 0x74, 0x5f, 0x69, 0x6e, 0x70,
  0x75, 0x74, 0x67, 0x65, 0x6e, 0x65, 0x72, 0x61, 0x74, 0x65, 0x64, 0x28,
  0x34, 0x66, 0x70, 0x6f, 0x73, 0x44, 0x76, 0x32, 0x5f, 0x66, 0x29, 0x61,
  0x69, 0x72, 0x2e, 0x70, 0x65, 0x72, 0x73, 0x70, 0x65, 0x63, 0x74, 0x69,
  0x76, 0x65, 0x66, 0x6c, 0x6f, 0x61, 0x74, 0x32, 0x66, 0x70, 0x6f, 0x73,
  0x67, 0x65, 0x6e, 0x65, 0x72, 0x61, 0x74, 0x65, 0x64, 0x28, 0x37, 0x66,
  0x74, 0x63, 0x6f, 0x6f, 0x72, 0x64, 0x44, 0x76, 0x32, 0x5f, 0x66, 0x29,
  0x66, 0x74, 0x63, 0x6f, 0x6f, 0x72, 0x64, 0x67, 0x65, 0x6e, 0x65, 0x72,
  0x61, 0x74, 0x65, 0x64, 0x28, 0x32, 0x75, 0x76, 0x44, 0x76, 0x32, 0x5f,
  0x66, 0x29, 0x75, 0x76, 0x61, 0x69, 0x72, 0x2e, 0x62, 0x75, 0x66, 0x66,
  0x65, 0x72, 0x61, 0x69, 0x72, 0x2e, 0x62, 0x75, 0x66, 0x66, 0x65, 0x72,
  0x5f, 0x73, 0x69, 0x7a, 0x65, 0x61, 0x69, 0x72, 0x2e, 0x6c, 0x6f, 0x63,
  0x61, 0x74, 0x69, 0x6f, 0x6e, 0x5f, 0x69, 0x6e, 0x64, 0x65, 0x78, 0x61,
  0x69, 0x72, 0x2e, 0x72, 0x65, 0x61, 0x64, 0x61, 0x69, 0x72, 0x2e, 0x73,
  0x74, 0x72, 0x75, 0x63, 0x74, 0x5f, 0x74, 0x79, 0x70, 0x65, 0x5f, 0x69,
  0x6e, 0x66, 0x6f, 0x66, 0x6c, 0x6f, 0x61, 0x74, 0x33, 0x78, 0x33, 0x73,
  0x63, 0x69, 0x73, 0x73, 0x6f, 0x72, 0x4d, 0x61, 0x74, 0x70, 0x61, 0x69,
  0x6e, 0x74, 0x4d, 0x61, 0x74, 0x69, 0x6e, 0x6e, 0x65, 0x72, 0x43, 0x6f,
  0x6c, 0x6f, 0x75, 0x74, 0x65, 0x72, 0x43, 0x6f, 0x6c, 0x73, 0x63, 0x69,
  0x73, 0x73, 0x6f, 0x72, 0x45, 0x78, 0x74, 0x73, 0x63, 0x69, 0x73, 0x73,
  0x6f, 0x72, 0x53, 0x63, 0x61, 0x6c, 0x65, 0x65, 0x78, 0x74, 0x65, 0x6e,
  0x74, 0x66, 0x6c, 0x6f, 0x61, 0x74, 0x72, 0x61, 0x64, 0x69, 0x75, 0x73,
  0x66, 0x65, 0x61, 0x74, 0x68, 0x65, 0x72, 0x73, 0x74, 0x72, 0x6f, 0x6b,
  0x65, 0x4d, 0x75, 0x6c, 0x74, 0x73, 0x74, 0x72, 0x6f, 0x6b, 0x65, 0x54,
  0x68, 0x72, 0x69, 0x6e, 0x74, 0x6c, 0x69, 0x6e, 0x65, 0x53, 0x74, 0x79,
  0x6c, 0x65, 0x74, 0x65, 0x78, 0x54, 0x79, 0x70, 0x65, 0x74, 0x79, 0x70,
  0x65, 0x61, 0x69, 0x72, 0x2e, 0x61, 0x72, 0x67, 0x5f, 0x74, 0x79, 0x70,
  0x65, 0x5f, 0x73, 0x69, 0x7a, 0x65, 0x61, 0x69, 0x72, 0x2e, 0x61, 0x72,
  0x67, 0x5f, 0x74, 0x79, 0x70, 0x65, 0x5f, 0x61, 0x6c, 0x69, 0x67, 0x6e,
  0x5f, 0x73, 0x69, 0x7a, 0x65, 0x55, 0x6e, 0x69, 0x66, 0x6f, 0x72, 0x6d,
  0x73, 0x75, 0x6e, 0x69, 0x66, 0x6f, 0x72, 0x6d, 0x73, 0x61, 0x69, 0x72,
  0x2e, 0x74, 0x65, 0x78, 0x74, 0x75, 0x72, 0x65, 0x61, 0x69, 0x72, 0x2e,
  0x73, 0x61, 0x6d, 0x70, 0x6c, 0x65, 0x74, 0x65, 0x78, 0x74, 0x75, 0x72,
  0x65, 0x32, 0x64, 0x3c, 0x66, 0x6c, 0x6f, 0x61, 0x74, 0x2c, 0x20, 0x73,
  0x61, 0x6d, 0x70, 0x6c, 0x65, 0x3e, 0x74, 0x65, 0x78, 0x74, 0x75, 0x72,
  0x65, 0x61, 0x69, 0x72, 0x2e, 0x73, 0x61, 0x6d, 0x70, 0x6c, 0x65, 0x72,
  0x73, 0x61, 0x6d, 0x70, 0x6c, 0x65, 0x72, 0x6f, 0x6d, 0x6e, 0x69, 0x70,
  0x6f, 0x74, 0x65, 0x6e, 0x74, 0x20, 0x63, 0x68, 0x61, 0x72, 0x53, 0x69,
  0x6d, 0x70, 0x6c, 0x65, 0x20, 0x43, 0x2b, 0x2b, 0x20, 0x54, 0x42, 0x41,
  0x41, 0x5f, 0x5a, 0x54, 0x53, 0x38, 0x55, 0x6e, 0x69, 0x66, 0x6f, 0x72,
  0x6d, 0x73, 0x5f, 0x5a, 0x54, 0x53, 0x4e, 0x35, 0x6d, 0x65, 0x74, 0x61,
  0x6c, 0x36, 0x6d, 0x61, 0x74, 0x72, 0x69, 0x78, 0x49, 0x66, 0x4c, 0x69,
  0x33, 0x45, 0x4c, 0x69, 0x33, 0x45, 0x76, 0x45, 0x45, 0x00, 0x00, 0x64,
  0xf8, 0x00, 0x00, 0x00, 0x00, 0x00, 0x00, 0x30, 0x82, 0x60, 0x44, 0x23,
  0x08, 0x6c, 0x60, 0x07, 0x23, 0x08, 0x86, 0x34, 0x82, 0x60, 0x4c, 0x23,
  0x08, 0x06, 0x35, 0x82, 0x00, 0x01, 0x23, 0x08, 0x46, 0x35, 0x82, 0x60,
  0x58, 0x23, 0x08, 0xc6, 0x35, 0x82, 0x60, 0x60, 0x23, 0x08, 0x46, 0x36,
  0x82, 0x60, 0x68, 0x23, 0x08, 0xc6, 0x36, 0x82, 0x60, 0x70, 0x23, 0x08,
  0x46, 0x37, 0x82, 0x60, 0x78, 0x23, 0x08, 0xc6, 0x37, 0x82, 0x60, 0x80,
  0xc1, 0x08, 0x82, 0x11, 0x06, 0x23, 0x08, 0x86, 0x18, 0x8c, 0x20, 0x18,
  0x63, 0x30, 0x82, 0x60, 0x90, 0xc1, 0x08, 0x82, 0x51, 0x06, 0x23, 0x08,
  0x86, 0x19, 0x8c, 0x20, 0x18, 0x67, 0x30, 0x82, 0xf0, 0x06, 0x68, 0x30,
  0x82, 0xf0, 0x06, 0x69, 0x30, 0x82, 0xf0, 0x06, 0x6a, 0x30, 0x82, 0xf0,
  0x06, 0x6b, 0x30, 0x82, 0xf0, 0x06, 0x6c, 0x30, 0x82, 0xf0, 0x06, 0x6d,
  0x30, 0x82, 0xf0, 0x06, 0x6e, 0x30, 0x82, 0xf0, 0x06, 0x6f, 0x30, 0x82,
  0xf0, 0x06, 0x70, 0x30, 0x82, 0xf0, 0x06, 0x71, 0x30, 0x82, 0xf0, 0x06,
  0x72, 0x30, 0x82, 0xf0, 0x06, 0x73, 0x30, 0x82, 0xf0, 0x06, 0x74, 0x30,
  0x82, 0xf0, 0x06, 0x75, 0x30, 0xc3, 0xd0, 0x07, 0x81, 0x1f, 0xcc, 0x30,
  0xfc, 0x81, 0x00, 0x0a, 0x33, 0x04, 0xc3, 0x0c, 0x43, 0x1f, 0xf4, 0x41,
  0x28, 0xcc, 0x40, 0x10, 0x7d, 0xd0, 0x07, 0xa1, 0x30, 0x43, 0x50, 0xcc,
  0x10, 0x18, 0x33, 0x04, 0xc7, 0x0c, 0x05, 0x12, 0x0a, 0xa1, 0x90, 0x28,
  0x33, 0x04, 0xec, 0x30, 0x03, 0x12, 0x0a, 0x0b, 0xd3, 0x24, 0x8a, 0xf3,
  0xcc, 0x90, 0xfc, 0x01, 0x14, 0x31, 0x52, 0x32, 0x39, 0xd4, 0x0c, 0x49,
  0x1f, 0x40, 0x15, 0x23, 0x25, 0x93, 0x63, 0xcd, 0x90, 0x8c, 0x02, 0x74,
  0x31, 0x52, 0x32, 0x39, 0xd8, 0x0c, 0xa6, 0x10, 0x0a, 0xa5, 0x10, 0x0a,
  0xde, 0x57, 0x0a, 0xa5, 0x10, 0x0a, 0x1e, 0x18, 0x98, 0xc2, 0x29, 0x84,
  0x82, 0x12, 0x06, 0xa8, 0x70, 0x0a, 0xa1, 0xa0, 0x88, 0x41, 0x2a, 0xa8,
  0x42, 0x28, 0x4c, 0x63, 0xb0, 0x0a, 0xaa, 0x10, 0x0a, 0x13, 0x19, 0xb0,
  0x82, 0x2a, 0x84, 0xc2, 0x54, 0x06, 0xad, 0x00, 0x0a, 0xa1, 0x60, 0x06,
  0x67, 0xe0, 0x0a, 0xa0, 0x10, 0x0a, 0x66, 0x80, 0x06, 0xaf, 0x00, 0x0a,
  0xa1, 0x60, 0x06, 0x69, 0x00, 0x0b, 0xa0, 0x10, 0x0a, 0x66, 0xa0, 0x06,
  0xb1, 0x00, 0x0a, 0xa1, 0xb0, 0x06, 0x6c, 0x20, 0x0b, 0xa0, 0x10, 0x0a,
  0x6b, 0xd0, 0x06, 0xb3, 0x00, 0x0a, 0xa1, 0xb0, 0x06, 0x6e, 0x30, 0x83,
  0x04, 0x0a, 0x99, 0x46, 0x0a, 0x5b, 0x28, 0xfc, 0x01, 0xd7, 0xc9, 0xc3,
  0x1b, 0x90, 0x02, 0x1c, 0x9c, 0x42, 0x12, 0x07, 0x8e, 0x1c, 0xcc, 0xa0,
  0xd0, 0xc2, 0x1c, 0x6c, 0xa1, 0xf0, 0x07, 0x74, 0x90, 0xd4, 0x81, 0x63,
  0x07, 0x33, 0x24, 0xb5, 0x70, 0x07, 0x5b, 0x28, 0xfc, 0x41, 0x82, 0x07,
  0x0e, 0x1e, 0xcc, 0x70, 0xb8, 0xc3, 0x3b, 0xc0, 0x43, 0x3c, 0xcc, 0x03,
  0x3d, 0xd4, 0xc3, 0x0c, 0x83, 0x28, 0xb4, 0x83, 0x3d, 0xcc, 0x10, 0xe8,
  0xc1, 0x0c, 0x43, 0x1e, 0xe0, 0x83, 0x2d, 0xcc, 0x30, 0xf0, 0x41, 0x3e,
  0xd8, 0xc2, 0x0c, 0x83, 0x19, 0xe4, 0x83, 0x2d, 0xcc, 0x30, 0xac, 0x41,
  0x3e, 0xd8, 0xc2, 0x0c, 0xdd, 0x1e, 0xe8, 0x83, 0x2d, 0xe8, 0xc3, 0x2d,
  0xe4, 0x03, 0x2e, 0xe4, 0x43, 0x2e, 0xe4, 0x83, 0x2e, 0xe4, 0xc3, 0x2e,
  0xe4, 0x03, 0x2f, 0xec, 0x43, 0x2f, 0xec, 0x83, 0x2f, 0xec, 0xc3, 0x2f,
  0xec, 0x03, 0x38, 0xf0, 0x43, 0x38, 0xf0, 0x83, 0x38, 0xf0, 0xc3, 0x38,
  0x54, 0x28, 0x00, 0x1c, 0x1a, 0x70, 0x1c, 0xc7, 0x71, 0x1c, 0xc7, 0x71,
  0x1c, 0xc7, 0x71, 0x1c, 0x27, 0x06, 0x62, 0x20, 0x06, 0x62, 0x20, 0x06,
  0x62, 0x20, 0x06, 0x62, 0x80, 0x06, 0x68, 0x80, 0x06, 0x68, 0x80, 0x06,
  0x68, 0x80, 0x06, 0x68, 0x80, 0x06, 0x68, 0x80, 0x06, 0x68, 0x80, 0x06,
  0x68, 0xe0, 0x06, 0x6e, 0x60, 0xd1, 0x81, 0x1e, 0x58, 0x96, 0xa5, 0x07,
  0x9c, 0x29, 0xb0, 0x02, 0x2b, 0xb0, 0x82, 0x9b, 0xf9, 0x85, 0x3d, 0xa8,
  0x03, 0x39, 0xd0, 0x01, 0x47, 0x07, 0x74, 0x40, 0x07, 0x74, 0x20, 0x23,
  0x81, 0x09, 0xba, 0x88, 0x8d, 0xcd, 0xae, 0xcd, 0xa5, 0xed, 0x8d, 0xac,
  0x8e, 0xad, 0xcc, 0xc5, 0x8c, 0x2d, 0xec, 0x6c, 0x6e, 0x14, 0x61, 0x1c,
  0xc8, 0xe1, 0x14, 0x36, 0x36, 0xbb, 0x36, 0x97, 0x34, 0xb2, 0x32, 0x37,
  0xba, 0x51, 0x82, 0x72, 0xb8, 0x25, 0x2c, 0x4d, 0xce, 0xc5, 0xae, 0x4c,
  0x6e, 0x2e, 0xed, 0xcd, 0x6d, 0x94, 0xc0, 0x1c, 0x8e, 0x0a, 0x4b, 0x93,
  0x73, 0x61, 0x0b, 0x73, 0x3b, 0xab, 0x0b, 0x3b, 0x2b, 0xfb, 0xb2, 0x2b,
  0x93, 0x9b, 0x4b, 0x7b, 0x73, 0x1b, 0x25, 0x38, 0x87, 0x9b, 0xc2, 0xd2,
  0xe4, 0x5c, 0xc6, 0xde, 0xda, 0xe0, 0xd2, 0xd8, 0xca, 0xbe, 0xde, 0xe0,
  0xe8, 0xd2, 0xde, 0xdc, 0xe6, 0x46, 0x19, 0xd0, 0x21, 0x1d, 0xd4, 0xe1,
  0x98, 0xb0, 0x34, 0x39, 0x17, 0x33, 0xb9, 0xb0, 0xb3, 0xb6, 0x32, 0x37,
  0xba, 0x51, 0x02, 0x7b, 0x00, 0x00, 0x00, 0xa9, 0x18, 0x00, 0x00, 0x25,
  0x00, 0x00, 0x00, 0x0b, 0x0a, 0x72, 0x28, 0x87, 0x77, 0x80, 0x07, 0x7a,
  0x58, 0x70, 0x98, 0x43, 0x3d, 0xb8, 0xc3, 0x38, 0xb0, 0x43, 0x39, 0xd0,
  0xc3, 0x82, 0xe6, 0x1c, 0xc6, 0xa1, 0x0d, 0xe8, 0x41, 0x1e, 0xc2, 0xc1,
  0x1d, 0xe6, 0x21, 0x1d, 0xe8, 0x21, 0x1d, 0xde, 0xc1, 0x1d, 0x16, 0x34,
  0xe3, 0x60, 0x0e, 0xe7, 0x50, 0x0f, 0xe1, 0x20, 0x0f, 0xe4, 0x40, 0x0f,
  0xe1, 0x20, 0x0f, 0xe7, 0x50, 0x0e, 0xf4, 0xb0, 0x80, 0x81, 0x07, 0x79,
  0x28, 0x87, 0x70, 0x60, 0x07, 0x76, 0x78, 0x87, 0x71, 0x08, 0x07, 0x7a,
  0x28, 0x07, 0x72, 0x58, 0x70, 0x9c, 0xc3, 0x38, 0xb4, 0x01, 0x3b, 0xa4,
  0x83, 0x3d, 0x94, 0xc3, 0x02, 0x6b, 0x1c, 0xd8, 0x21, 0x1c, 0xdc, 0xe1,
  0x1c, 0xdc, 0x20, 0x1c, 0xe4, 0x61, 0x1c, 0xdc, 0x20, 0x1c, 0xe8, 0x81,
  0x1e, 0xc2, 0x61, 0x1c, 0xd0, 0xa1, 0x1c, 0xc8, 0x61, 0x1c, 0xc2, 0x81,
  0x1d, 0xd8, 0x61, 0xc1, 0x01, 0x0f, 0xf4, 0x20, 0x0f, 0xe1, 0x50, 0x0f,
  0xf4, 0x80, 0x0e, 0x00, 0x00, 0x00, 0x00, 0xd1, 0x10, 0x00, 0x00, 0x06,
  0x00, 0x00, 0x00, 0x07, 0xcc, 0x3c, 0xa4, 0x83, 0x3b, 0x9c, 0x03, 0x3b,
  0x94, 0x03, 0x3d, 0xa0, 0x83, 0x3c, 0x94, 0x43, 0x38, 0x90, 0xc3, 0x01,
  0x00, 0x00, 0x00, 0x61, 0x20, 0x00, 0x00, 0x69, 0x01, 0x00, 0x00, 0x13,
  0x04, 0x50, 0x2c, 0x10, 0x00, 0x00, 0x00, 0x20, 0x00, 0x00, 0x00, 0x64,
  0xcc, 0x00, 0x14, 0x46, 0x69, 0x94, 0x44, 0x51, 0x94, 0x03, 0x49, 0x35,
  0x30, 0x02, 0x40, 0xd3, 0x08, 0xc0, 0x58, 0x02, 0x10, 0x90, 0x3b, 0xc7,
  0x40, 0x49, 0x7e, 0x30, 0xd6, 0x00, 0x04, 0xc2, 0x58, 0xc3, 0x30, 0x0c,
  0x73, 0x0c, 0x14, 0xe5, 0x07, 0x73, 0x0c, 0x92, 0xe4, 0x07, 0xf4, 0x96,
  0x40, 0x11, 0x10, 0x3d, 0x02, 0x30, 0x07, 0x41, 0x49, 0x91, 0x1f, 0x8c,
  0x45, 0x00, 0x81, 0x70, 0x10, 0x30, 0x02, 0x30, 0x46, 0x00, 0x82, 0x20,
  0x88, 0x7f, 0x63, 0x04, 0x20, 0x08, 0x82, 0x20, 0x18, 0x8c, 0x11, 0x80,
  0x20, 0x08, 0xe2, 0xbf, 0x30, 0x46, 0x00, 0x82, 0x20, 0x08, 0x7f, 0x14,
  0xcc, 0x00, 0xcc, 0x00, 0x8c, 0x00, 0x90, 0x30, 0x03, 0x30, 0x03, 0x30,
  0x96, 0x00, 0x82, 0x20, 0x08, 0x7f, 0x20, 0x08, 0x82, 0xf0, 0x37, 0x02,
  0x40, 0xc3, 0x0c, 0x00, 0x00, 0x00, 0x00, 0xf1, 0x30, 0x00, 0x00, 0x32,
  0x00, 0x00, 0x00, 0x22, 0x47, 0xc8, 0x90, 0x51, 0x12, 0x04, 0x3b, 0x00,
  0x00, 0x00, 0x00, 0x62, 0x60, 0x61, 0x18, 0x61, 0x69, 0x72, 0x2d, 0x61,
  0x6c, 0x69, 0x61, 0x73, 0x2d, 0x73, 0x63, 0x6f, 0x70, 0x65, 0x73, 0x28,
  0x66, 0x72, 0x61, 0x67, 0x6d, 0x65, 0x6e, 0x74, 0x53, 0x68, 0x61, 0x64,
  0x65, 0x72, 0x41, 0x41, 0x29, 0x61, 0x69, 0x72, 0x2d, 0x61, 0x6c, 0x69,
  0x61, 0x73, 0x2d, 0x73, 0x63, 0x6f, 0x70, 0x65, 0x2d, 0x61, 0x72, 0x67,
  0x28, 0x34, 0x29, 0x61, 0x69, 0x72, 0x2d, 0x61, 0x6c, 0x69, 0x61, 0x73,
  0x2d, 0x73, 0x63, 0x6f, 0x70, 0x65, 0x2d, 0x73, 0x61, 0x6d, 0x70, 0x6c,
  0x65, 0x72, 0x73, 0x61, 0x69, 0x72, 0x2d, 0x61, 0x6c, 0x69, 0x61, 0x73,
  0x2d, 0x73, 0x63, 0x6f, 0x70, 0x65, 0x2d, 0x74, 0x65, 0x78, 0x74, 0x75,
  0x72, 0x65, 0x73, 0x2b, 0x04, 0x91, 0xf0, 0x87, 0x15, 0xc3, 0x48, 0x88,
  0xc4, 0x3f, 0xac, 0x18, 0x48, 0x42, 0x24, 0x40, 0x62, 0xc5, 0x50, 0x12,
  0x22, 0x11, 0x12, 0x1b, 0x82, 0x91, 0xd8, 0x20, 0x94, 0x04, 0x49, 0x6c,
  0x18, 0xf2, 0x21, 0x1f, 0x6c, 0x61, 0xc3, 0xd0, 0x0f, 0xfc, 0x30, 0x0e,
  0x1b, 0x86, 0x7e, 0xe0, 0x07, 0x71, 0xd8, 0x30, 0xf4, 0xc3, 0x3e, 0xfc,
  0xc2, 0x86, 0xa1, 0x1f, 0xf6, 0x01, 0x1c, 0x36, 0x0c, 0xfd, 0xb0, 0x0f,
  0xbe, 0xb0, 0x61, 0xe8, 0x87, 0x7d, 0xe8, 0x05, 0x00, 0x00, 0x00, 0x47,
  0x06, 0xed, 0x52, 0x10, 0x94, 0x41, 0x86, 0x40, 0xc9, 0x06, 0x19, 0xd4,
  0x00, 0xb9, 0x4c, 0x08, 0xc4, 0x7f, 0x27, 0x45, 0x1a, 0xf0, 0x01, 0x2c,
  0xc0, 0xc2, 0x75, 0x41, 0xbb, 0x14, 0x04, 0x65, 0x90, 0x21, 0x80, 0xbe,
  0x41, 0x06, 0x38, 0x70, 0x38, 0x13, 0x02, 0xf1, 0xb7, 0xe0, 0x00, 0xff,
  0x9d, 0x14, 0x70, 0x30, 0x0a, 0xb7, 0x70, 0x0b, 0xdd, 0x05, 0xed, 0x52,
  0x10, 0x94, 0x41, 0x86, 0xe0, 0x32, 0x03, 0x2b, 0x02, 0xf0, 0x1f, 0x64,
  0x08, 0xa4, 0x34, 0x18, 0x31, 0x30, 0x8c, 0x10, 0x04, 0x0b, 0xff, 0x00,
  0x03, 0x74, 0x08, 0x76, 0x32, 0xdc, 0x81, 0x2a, 0xfc, 0x02, 0x05, 0x42,
  0xb1, 0x21, 0x08, 0xff, 0x9d, 0x0c, 0x7a, 0xd0, 0x0a, 0xaf, 0x40, 0x81,
  0x40, 0x6c, 0x08, 0xc4, 0xdf, 0xb8, 0x20, 0xfc, 0x47, 0x0c, 0x0c, 0x23,
  0x04, 0xc1, 0xc2, 0x3f, 0xc0, 0x20, 0x1d, 0x82, 0x31, 0x84, 0x40, 0x16,
  0xc6, 0x10, 0x04, 0x37, 0x30, 0x21, 0x10, 0xff, 0xe1, 0x88, 0x60, 0x0d,
  0x02, 0xff, 0x98, 0x65, 0x08, 0x84, 0x60, 0xc4, 0x80, 0x38, 0x42, 0x10,
  0x0c, 0xc6, 0x80, 0x1e, 0x66, 0x09, 0x9e, 0x9d, 0x0c, 0xa3, 0x60, 0x0b,
  0x7e, 0x40, 0x81, 0x51, 0x86, 0x1b, 0x82, 0x77, 0x00, 0x83, 0x59, 0x86,
  0xe1, 0x08, 0x46, 0x0c, 0x1a, 0x24, 0x04, 0xc1, 0x80, 0x02, 0x89, 0x52,
  0x20, 0x05, 0x54, 0xe8, 0x83, 0x3d, 0xe0, 0x83, 0x37, 0x78, 0x83, 0x76,
  0x18, 0x4d, 0x08, 0x80, 0x9d, 0x0c, 0xa8, 0xb0, 0x0b, 0xa4, 0x40, 0x81,
  0x31, 0x86, 0x39, 0x8c, 0xc0, 0x90, 0x88, 0xa8, 0x18, 0x64, 0x18, 0xdc,
  0x80, 0x0f, 0x06, 0x19, 0x08, 0x37, 0xe0, 0x03, 0x13, 0x02, 0xf1, 0x1f,
  0x64, 0x08, 0xd4, 0x00, 0x0f, 0x06, 0x19, 0x82, 0x03, 0x0f, 0x66, 0x09,
  0x8c, 0x41, 0x06, 0x64, 0x0e, 0xf6, 0x60, 0x96, 0xc0, 0x18, 0xe8, 0x08,
  0x08, 0x42, 0x28, 0xa4, 0x61, 0x8e, 0xa1, 0x0e, 0x20, 0x72, 0x18, 0x64,
  0x08, 0xec, 0xc0, 0x0f, 0x6c, 0x08, 0xc4, 0x7f, 0x27, 0x03, 0x2d, 0x9c,
  0x83, 0x3f, 0x50, 0x10, 0x14, 0x1b, 0x02, 0xf1, 0x9f, 0x25, 0x78, 0xc6,
  0x10, 0x72, 0x41, 0x1d, 0x2c, 0xf8, 0x03, 0xf1, 0xb7, 0xe0, 0x0f, 0xc0,
  0x7f, 0xc4, 0xc0, 0x30, 0x42, 0x10, 0x2c, 0xfc, 0x03, 0x43, 0x89, 0xc0,
  0x46, 0x21, 0x08, 0xff, 0x9d, 0x0c, 0xbc, 0xf0, 0x0e, 0xb6, 0x40, 0x01,
  0x50, 0x6c, 0x08, 0xc4, 0x7f, 0xc4, 0xe0, 0x30, 0x42, 0x10, 0x2c, 0xfc,
  0xc3, 0x9b, 0x89, 0x53, 0x08, 0xc6, 0x10, 0xc4, 0xc1, 0x15, 0x46, 0x0c,
  0x0e, 0x23, 0x04, 0xc1, 0xc2, 0x3f, 0xbc, 0x9a, 0x48, 0x85, 0xc0, 0x82,
  0x41, 0xfc, 0x47, 0x0c, 0x8e, 0x24, 0x06, 0xc1, 0xc2, 0x3f, 0xca, 0x60,
  0x26, 0xc6, 0x81, 0x1c, 0x4c, 0x08, 0xc4, 0x7f, 0x27, 0x43, 0x39, 0xe0,
  0x83, 0x2f, 0x50, 0x00, 0x8c, 0xe1, 0x88, 0x21, 0x20, 0xfc, 0x63, 0x96,
  0x01, 0x49, 0x82, 0x11, 0x03, 0xe2, 0x08, 0x41, 0x30, 0x18, 0x83, 0x9c,
  0x98, 0x25, 0x78, 0x86, 0x1b, 0xc8, 0xe0, 0x25, 0xc0, 0x60, 0x27, 0x43,
  0x3a, 0xf0, 0x83, 0x4c, 0x5c, 0xd0, 0x2e, 0x05, 0x41, 0x19, 0x64, 0x08,
  0x60, 0xe1, 0x17, 0x2c, 0x30, 0x05, 0xf1, 0xdf, 0x49, 0xe1, 0x0e, 0x21,
  0x71, 0x13, 0x35, 0xc1, 0x0b, 0x17, 0xb4, 0x4b, 0x41, 0x50, 0x06, 0x19,
  0x82, 0x5a, 0x20, 0x07, 0x0b, 0x4a, 0x41, 0xfc, 0x2d, 0x30, 0xc0, 0x7f,
  0x27, 0x05, 0x3d, 0x9c, 0x44, 0x4f, 0xec, 0x44, 0x38, 0x5c, 0xd0, 0x2e,
  0x05, 0x41, 0x19, 0x64, 0x08, 0x76, 0x41, 0x1d, 0xac, 0x08, 0xc0, 0x7f,
  0x90, 0x21, 0xb0, 0x85, 0x76, 0x98, 0x65, 0x50, 0x16, 0x69, 0x27, 0x83,
  0x3e, 0xb4, 0x44, 0x4e, 0x50, 0x00, 0x0c, 0x0b, 0xc2, 0x41, 0xfc, 0x77,
  0x32, 0xf4, 0x03, 0x4c, 0xc4, 0x04, 0x05, 0x42, 0xd9, 0xc9, 0xf0, 0x0f,
  0x32, 0x71, 0x0f, 0x14, 0x00, 0x64, 0x8e, 0x21, 0x1c, 0x02, 0x9a, 0x18,
  0x64, 0x08, 0xc4, 0xe1, 0x1e, 0x46, 0x0c, 0x0c, 0x23, 0x04, 0xc1, 0xc2,
  0x3f, 0xc0, 0xa0, 0x2e, 0x14, 0x13, 0x8c, 0xf0, 0xb7, 0x40, 0x00, 0xff,
  0x31, 0x84, 0x20, 0x27, 0xc6, 0x10, 0x84, 0x7a, 0x18, 0x31, 0x38, 0x8c,
  0x10, 0x04, 0x0b, 0xff, 0xf0, 0xf6, 0x42, 0x08, 0x46, 0x0c, 0x0e, 0x23,
  0x04, 0xc1, 0xc2, 0x3f, 0xbc, 0xbe, 0x08, 0xe4, 0x61, 0xc4, 0xe0, 0x30,
  0x42, 0x10, 0x2c, 0xfc, 0x83, 0xfb, 0x8b, 0x02, 0x1d, 0x46, 0x0c, 0x0e,
  0x23, 0x04, 0xc1, 0xc2, 0x3f, 0xb4, 0xd0, 0x08, 0x82, 0x11, 0x03, 0xc3,
  0x08, 0x41, 0xb0, 0xf0, 0x0f, 0x6c, 0x34, 0x02, 0x8b, 0x9a, 0xf0, 0xb7,
  0xa0, 0x00, 0x7f, 0x0b, 0x06, 0xf0, 0xb7, 0xa0, 0x22, 0xff, 0x11, 0x03,
  0xc3, 0x08, 0x41, 0xb0, 0xf0, 0x0f, 0x2c, 0x35, 0x82, 0x9d, 0x0c, 0x32,
  0x51, 0x16, 0x7c, 0x41, 0x41, 0x50, 0x76, 0x32, 0xd0, 0xc4, 0x59, 0xe8,
  0x05, 0x05, 0x41, 0x99, 0x63, 0xd0, 0x87, 0x22, 0x2d, 0x06, 0x19, 0x82,
  0x7d, 0x18, 0x89, 0x11, 0x03, 0xc4, 0x08, 0x41, 0xb0, 0xf0, 0x0f, 0x2b,
  0x36, 0x8a, 0x21, 0x98, 0x63, 0xe8, 0x07, 0x5c, 0x60, 0x8b, 0x39, 0x06,
  0x7f, 0xb0, 0x83, 0xb6, 0xb0, 0x40, 0x10, 0xff, 0x41, 0x86, 0x00, 0x24,
  0x50, 0xc2, 0x82, 0x42, 0xfc, 0x67, 0x09, 0x9e, 0x9d, 0x0c, 0x3e, 0x11,
  0x17, 0x72, 0x41, 0x81, 0x50, 0xec, 0x0c, 0x02, 0xf2, 0x1f, 0x31, 0x68,
  0x90, 0x10, 0x04, 0x03, 0x6a, 0x37, 0xc0, 0xe2, 0x27, 0x02, 0x9c, 0xb0,
  0x89, 0x9b, 0x50, 0x09, 0x95, 0x40, 0x8d, 0xd1, 0x84, 0x00, 0xd8, 0xc9,
  0x30, 0x16, 0x76, 0xf1, 0x13, 0x14, 0x18, 0x63, 0x98, 0xc3, 0x08, 0x1c,
  0x89, 0x89, 0x9a, 0x41, 0x86, 0x21, 0x25, 0x6e, 0x62, 0x90, 0x81, 0x48,
  0x89, 0x9b, 0x30, 0x21, 0x10, 0xff, 0x41, 0x86, 0xa0, 0x24, 0x66, 0x62,
  0x90, 0x21, 0x38, 0x66, 0x62, 0x96, 0xc0, 0x19, 0x64, 0x40, 0x5c, 0xc2,
  0x26, 0x66, 0x09, 0x9c, 0x81, 0x8e, 0x80, 0x60, 0x84, 0x46, 0x5a, 0xe6,
  0x18, 0x60, 0x62, 0x1d, 0xfe, 0x62, 0x8e, 0x21, 0x26, 0x52, 0x01, 0x34,
  0x76, 0x32, 0xb8, 0x45, 0x68, 0xe0, 0x06, 0x05, 0x41, 0xb1, 0x81, 0x10,
  0xff, 0x41, 0x86, 0xa0, 0x26, 0x7a, 0xc2, 0x82, 0x43, 0xfc, 0x2d, 0x20,
  0xc4, 0x7f, 0x96, 0xe0, 0x19, 0x68, 0x09, 0xd8, 0x24, 0xe0, 0x0b, 0x83,
  0x4d, 0x10, 0x37, 0x50, 0x04, 0x27, 0x83, 0x80, 0x18, 0x00, 0x00, 0x2f,
  0x00, 0x00, 0x00, 0x5b, 0x8a, 0xe0, 0x28, 0x09, 0xc4, 0x24, 0xb6, 0x14,
  0xc7, 0x51, 0x12, 0x88, 0x49, 0x6c, 0x29, 0x9c, 0xa3, 0x24, 0x10, 0x93,
  0xd8, 0x72, 0x50, 0xc1, 0x49, 0x1c, 0x25, 0x81, 0x98, 0xc4, 0x96, 0xe3,
  0x0a, 0x4e, 0xe2, 0x28, 0x09, 0xc4, 0x24, 0xb6, 0x1c, 0x63, 0x10, 0xa0,
  0xc4, 0x51, 0x12, 0x88, 0x49, 0x6c, 0x29, 0xcc, 0xe0, 0x30, 0x09, 0xa4,
  0x24, 0xb6, 0x1c, 0x69, 0x10, 0xa4, 0xc4, 0x51, 0x12, 0x88, 0x49, 0x6c,
  0x39, 0xf0, 0x20, 0x38, 0x89, 0xa3, 0x24, 0x10, 0x93, 0xd8, 0x72, 0x84,
  0x42, 0xa0, 0x12, 0x47, 0x49, 0x20, 0x26, 0xb1, 0xe5, 0x50, 0x85, 0x60,
  0x25, 0x8e, 0x92, 0x40, 0x4c, 0x62, 0xcb, 0x31, 0x0e, 0x01, 0x4b, 0x1c,
  0x25, 0x81, 0x98, 0xc4, 0x96, 0xc3, 0x1c, 0x82, 0x93, 0x38, 0x4a, 0x02,
  0x31, 0x89, 0x2d, 0x07, 0x3a, 0x04, 0x2d, 0x71, 0x94, 0x04, 0x62, 0x12,
  0x5b, 0x8e, 0x7d, 0x08, 0x4e, 0xe2, 0x28, 0x09, 0xc4, 0x24, 0xb6, 0x1c,
  0xfd, 0x10, 0x9c, 0xc4, 0x51, 0x12, 0x88, 0x49, 0x6c, 0x39, 0x50, 0x22,
  0x38, 0x89, 0xa3, 0x24, 0x10, 0x93, 0xd8, 0x52, 0xa8, 0xc4, 0x61, 0x12,
  0x48, 0x49, 0x6c, 0x39, 0x5a, 0x22, 0x48, 0x89, 0xa3, 0x24, 0x10, 0x93,
  0xd8, 0x72, 0xec, 0x44, 0x70, 0x12, 0x47, 0x49, 0x20, 0x26, 0x01, 0x00,
  0x00, 0x00, 0x00, 0x61, 0x20, 0x00, 0x00, 0x6c, 0x00, 0x00, 0x00, 0x13,
  0x04, 0x49, 0x2c, 0x10, 0x00, 0x00, 0x00, 0x14, 0x00, 0x00, 0x00, 0x64,
  0x94, 0x05, 0xbd, 0x25, 0x40, 0xc0, 0x18, 0x01, 0x08, 0x82, 0x20, 0xfe,
  0x8d, 0x11, 0x80, 0x20, 0x08, 0xa2, 0xdf, 0x08, 0xc0, 0x18, 0x01, 0x08,
  0x82, 0x20, 0x08, 0x06, 0x63, 0x04, 0x20, 0x08, 0x82, 0xf0, 0x37, 0x46,
  0x00, 0x82, 0x20, 0x48, 0x82, 0xc1, 0x18, 0x01, 0x08, 0x82, 0x20, 0x0a,
  0x06, 0x63, 0x04, 0x20, 0x08, 0x82, 0x2c, 0x18, 0x8c, 0x11, 0x80, 0x20,
  0x08, 0xf2, 0xdf, 0x18, 0x01, 0x08, 0x82, 0x20, 0xff, 0x0b, 0x63, 0x04,
  0x20, 0x08, 0x82, 0xf0, 0x2f, 0x00, 0x00, 0xf1, 0x30, 0x00, 0x00, 0x02,
  0x00, 0x00, 0x00, 0x1b, 0x86, 0x7e, 0xe0, 0x87, 0x70, 0x00, 0x00, 0x3b,
  0x19, 0x1e, 0xaf, 0xa1, 0xc0, 0x20, 0xc3, 0x24, 0x46, 0x80, 0x44, 0x41,
  0x65, 0x4c, 0xc7, 0x18, 0x02, 0xe4, 0x58, 0xd0, 0x88, 0xff, 0x88, 0x81,
  0x61, 0x84, 0x20, 0x58, 0xf8, 0x07, 0xc6, 0x07, 0x81, 0x05, 0x8a, 0xf8,
  0x0f, 0x47, 0x04, 0x09, 0xe3, 0x1f, 0xb3, 0x0c, 0x83, 0x10, 0x98, 0x90,
  0x80, 0xff, 0x2c, 0x41, 0x31, 0x1c, 0x31, 0x3c, 0x8a, 0x7f, 0xcc, 0x32,
  0x14, 0x44, 0x60, 0x10, 0x11, 0xfe, 0xb3, 0x04, 0xc5, 0x40, 0x07, 0x60,
  0x08, 0x02, 0x61, 0x06, 0xc3, 0x70, 0xc4, 0x21, 0x15, 0xfe, 0x31, 0x62,
  0x60, 0x18, 0x21, 0x08, 0x16, 0xfe, 0x91, 0x06, 0xa3, 0x10, 0x8c, 0x21,
  0x6c, 0x6b, 0x60, 0x41, 0x20, 0xfe, 0x56, 0x14, 0xe2, 0x6f, 0x81, 0x00,
  0xfe, 0xb6, 0x05, 0xe1, 0x6f, 0x81, 0x25, 0xfe, 0x23, 0x06, 0x88, 0x11,
  0x82, 0x60, 0xe1, 0x1f, 0x67, 0xd0, 0x0a, 0x01, 0xe7, 0x59, 0xc0, 0x89,
  0xbf, 0x6d, 0x41, 0xf8, 0xdb, 0x30, 0x88, 0xbf, 0x05, 0x8b, 0xf8, 0x5b,
  0x30, 0x88, 0xff, 0x2c, 0x01, 0x32, 0x86, 0x70, 0x06, 0x65, 0x60, 0x01,
  0x19, 0x88, 0xff, 0x88, 0x81, 0x61, 0x84, 0x20, 0x58, 0xf8, 0x07, 0x36,
  0x0b, 0x81, 0x05, 0x61, 0x20, 0xfe, 0x16, 0x78, 0xe0, 0x3f, 0x86, 0xc0,
  0x06, 0x7c, 0x60, 0x41, 0x20, 0xfe, 0x36, 0x0c, 0xe2, 0x6f, 0x81, 0x00,
  0xfe, 0xc6, 0x06, 0x41, 0xf8, 0x5b, 0x70, 0x06, 0xe2, 0x3f, 0x62, 0x80,
  0x18, 0x21, 0x08, 0x16, 0xfe, 0x71, 0x06, 0xbe, 0x10, 0xb4, 0xc1, 0x1b,
  0x58, 0x10, 0x88, 0xbf, 0x09, 0x6e, 0x20, 0xfe, 0xd6, 0x06, 0x41, 0xf8,
  0xdb, 0x10, 0x88, 0xff, 0x2c, 0x01, 0x32, 0x86, 0x70, 0x07, 0xa7, 0x30,
  0x62, 0x60, 0x18, 0x21, 0x08, 0x16, 0xfe, 0x81, 0x8d, 0x43, 0x60, 0xc1,
  0x1c, 0x88, 0xbf, 0xdd, 0x41, 0x10, 0xfe, 0x23, 0x06, 0x88, 0x11, 0x82,
  0x60, 0xe1, 0x1f, 0x67, 0x70, 0x0e, 0x81, 0x1d, 0xe0, 0x81, 0x05, 0x81,
  0xf8, 0x9b, 0x70, 0x07, 0xe2, 0x6f, 0x76, 0x10, 0x84, 0xbf, 0x0d, 0x81,
  0xf8, 0xcf, 0x12, 0x20, 0x03, 0x25, 0x00, 0x1d, 0x14, 0x94, 0x21, 0x1c,
  0xfa, 0x00, 0x64, 0x10, 0x10, 0x03, 0x00, 0x02, 0x00, 0x00, 0x00, 0x5b,
  0x86, 0x20, 0xe8, 0x07, 0x00, 0x00, 0x00, 0x00, 0x00, 0x00, 0x00, 0x71,
  0x20, 0x00, 0x00, 0x03, 0x00, 0x00, 0x00, 0x32, 0x0e, 0x10, 0x22, 0x84,
  0x00, 0x8a, 0x09, 0xb8, 0x50, 0xbf, 0x00, 0x00, 0x00, 0x00, 0x00, 0x65,
  0x0c, 0x00, 0x00, 0x7f, 0x00, 0x00, 0x00, 0x12, 0x03, 0x94, 0xf0, 0x03,
  0x00, 0x00, 0x00, 0x03, 0x00, 0x00, 0x00, 0x58, 0x01, 0x00, 0x00, 0x09,
  0x00, 0x00, 0x00, 0x4c, 0x00, 0x00, 0x00, 0x01, 0x00, 0x00, 0x00, 0x58,
  0x00, 0x00, 0x00, 0x00, 0x00, 0x00, 0x00, 0x58, 0x00, 0x00, 0x00, 0x11,
  0x00, 0x00, 0x00, 0xf0, 0x01, 0x00, 0x00, 0x00, 0x00, 0x00, 0x00, 0x61,
  0x01, 0x00, 0x00, 0x15, 0x00, 0x00, 0x00, 0x00, 0x00, 0x00, 0x00, 0x10,
  0x00, 0x00, 0x00, 0x76, 0x01, 0x00, 0x00, 0x00, 0x00, 0x00, 0x00, 0xf0,
  0x01, 0x00, 0x00, 0x00, 0x00, 0x00, 0x00, 0x00, 0x00, 0x00, 0x00, 0x11,
  0x00, 0x00, 0x00, 0x00, 0x00, 0x00, 0x00, 0x00, 0x00, 0x00, 0x00, 0x10,
  0x00, 0x00, 0x00, 0x00, 0x00, 0x00, 0x00, 0x10, 0x00, 0x00, 0x00, 0xff,
  0xff, 0xff, 0xff, 0x00, 0x24, 0x00, 0x00, 0x10, 0x00, 0x00, 0x00, 0x1b,
  0x00, 0x00, 0x00, 0x10, 0x00, 0x00, 0x00, 0x1b, 0x00, 0x00, 0x00, 0xff,
  0xff, 0xff, 0xff, 0x08, 0x24, 0x00, 0x00, 0x2b, 0x00, 0x00, 0x00, 0x0d,
  0x00, 0x00, 0x00, 0x2b, 0x00, 0x00, 0x00, 0x0d, 0x00, 0x00, 0x00, 0xff,
  0xff, 0xff, 0xff, 0x08, 0x24, 0x00, 0x00, 0x38, 0x00, 0x00, 0x00, 0x15,
  0x00, 0x00, 0x00, 0x38, 0x00, 0x00, 0x00, 0x15, 0x00, 0x00, 0x00, 0xff,
  0xff, 0xff, 0xff, 0x08, 0x24, 0x00, 0x00, 0x4d, 0x00, 0x00, 0x00, 0x11,
  0x00, 0x00, 0x00, 0x4d, 0x00, 0x00, 0x00, 0x11, 0x00, 0x00, 0x00, 0xff,
  0xff, 0xff, 0xff, 0x08, 0x24, 0x00, 0x00, 0x5e, 0x00, 0x00, 0x00, 0x0d,
  0x00, 0x00, 0x00, 0x5e, 0x00, 0x00, 0x00, 0x0d, 0x00, 0x00, 0x00, 0xff,
  0xff, 0xff, 0xff, 0x08, 0x24, 0x00, 0x00, 0x6b, 0x00, 0x00, 0x00, 0x13,
  0x00, 0x00, 0x00, 0x6b, 0x00, 0x00, 0x00, 0x13, 0x00, 0x00, 0x00, 0xff,
  0xff, 0xff, 0xff, 0x08, 0x24, 0x00, 0x00, 0x7e, 0x00, 0x00, 0x00, 0x11,
  0x00, 0x00, 0x00, 0x7e, 0x00, 0x00, 0x00, 0x11, 0x00, 0x00, 0x00, 0xff,
  0xff, 0xff, 0xff, 0x08, 0x24, 0x00, 0x00, 0x8f, 0x00, 0x00, 0x00, 0x11,
  0x00, 0x00, 0x00, 0x8f, 0x00, 0x00, 0x00, 0x11, 0x00, 0x00, 0x00, 0xff,
  0xff, 0xff, 0xff, 0x08, 0x24, 0x00, 0x00, 0xa0, 0x00, 0x00, 0x00, 0x13,
  0x00, 0x00, 0x00, 0xa0, 0x00, 0x00, 0x00, 0x13, 0x00, 0x00, 0x00, 0xff,
  0xff, 0xff, 0xff, 0x08, 0x24, 0x00, 0x00, 0xb3, 0x00, 0x00, 0x00, 0x14,
  0x00, 0x00, 0x00, 0xb3, 0x00, 0x00, 0x00, 0x14, 0x00, 0x00, 0x00, 0xff,
  0xff, 0xff, 0xff, 0x08, 0x24, 0x00, 0x00, 0xc7, 0x00, 0x00, 0x00, 0x2f,
  0x00, 0x00, 0x00, 0xc7, 0x00, 0x00, 0x00, 0x2f, 0x00, 0x00, 0x00, 0xff,
  0xff, 0xff, 0xff, 0x00, 0x30, 0x00, 0x00, 0xf6, 0x00, 0x00, 0x00, 0x12,
  0x00, 0x00, 0x00, 0xf6, 0x00, 0x00, 0x00, 0x12, 0x00, 0x00, 0x00, 0xff,
  0xff, 0xff, 0xff, 0x08, 0x24, 0x00, 0x00, 0x08, 0x01, 0x00, 0x00, 0x11,
  0x00, 0x00, 0x00, 0x08, 0x01, 0x00, 0x00, 0x11, 0x00, 0x00, 0x00, 0xff,
  0xff, 0xff, 0xff, 0x08, 0x24, 0x00, 0x00, 0x19, 0x01, 0x00, 0x00, 0x12,
  0x00, 0x00, 0x00, 0x19, 0x01, 0x00, 0x00, 0x12, 0x00, 0x00, 0x00, 0xff,
  0xff, 0xff, 0xff, 0x08, 0x24, 0x00, 0x00, 0x2b, 0x01, 0x00, 0x00, 0x16,
  0x00, 0x00, 0x00, 0x2b, 0x01, 0x00, 0x00, 0x16, 0x00, 0x00, 0x00, 0xff,
  0xff, 0xff, 0xff, 0x08, 0x24, 0x00, 0x00, 0x41, 0x01, 0x00, 0x00, 0x17,
  0x00, 0x00, 0x00, 0x41, 0x01, 0x00, 0x00, 0x17, 0x00, 0x00, 0x00, 0xff,
  0xff, 0xff, 0xff, 0x08, 0x24, 0x00, 0x00, 0x00, 0x00, 0x00, 0x00, 0x5d,
  0x0c, 0x00, 0x00, 0x61, 0x00, 0x00, 0x00, 0x12, 0x03, 0x94, 0xf6, 0x02,
  0x00, 0x00, 0x00, 0x66, 0x72, 0x61, 0x67, 0x6d, 0x65, 0x6e, 0x74, 0x53,
  0x68, 0x61, 0x64, 0x65, 0x72, 0x41, 0x41, 0x61, 0x69, 0x72, 0x2e, 0x73,
  0x61, 0x6d, 0x70, 0x6c, 0x65, 0x5f, 0x74, 0x65, 0x78, 0x74, 0x75, 0x72,
  0x65, 0x5f, 0x32, 0x64, 0x2e, 0x76, 0x34, 0x66, 0x33, 0x32, 0x61, 0x69,
  0x72, 0x2e, 0x6d, 0x69, 0x78, 0x2e, 0x76, 0x34, 0x66, 0x33, 0x32, 0x61,
  0x69, 0x72, 0x2e, 0x66, 0x61, 0x73, 0x74, 0x5f, 0x73, 0x61, 0x74, 0x75,
  0x72, 0x61, 0x74, 0x65, 0x2e, 0x66, 0x33, 0x32, 0x61, 0x69, 0x72, 0x2e,
  0x66, 0x61, 0x73, 0x74, 0x5f, 0x73, 0x71, 0x72, 0x74, 0x2e, 0x66, 0x33,
  0x32, 0x61, 0x69, 0x72, 0x2e, 0x64, 0x6f, 0x74, 0x2e, 0x76, 0x32, 0x66,
  0x33, 0x32, 0x61, 0x69, 0x72, 0x2e, 0x66, 0x61, 0x73, 0x74, 0x5f, 0x66,
  0x6d, 0x61, 0x78, 0x2e, 0x76, 0x32, 0x66, 0x33, 0x32, 0x61, 0x69, 0x72,
  0x2e, 0x66, 0x61, 0x73, 0x74, 0x5f, 0x66, 0x6d, 0x69, 0x6e, 0x2e, 0x66,
  0x33, 0x32, 0x61, 0x69, 0x72, 0x2e, 0x66, 0x61, 0x73, 0x74, 0x5f, 0x66,
  0x6d, 0x61, 0x78, 0x2e, 0x66, 0x33, 0x32, 0x61, 0x69, 0x72, 0x2e, 0x66,
  0x61, 0x73, 0x74, 0x5f, 0x66, 0x61, 0x62, 0x73, 0x2e, 0x76, 0x32, 0x66,
  0x33, 0x32, 0x61, 0x69, 0x72, 0x2e, 0x64, 0x69, 0x73, 0x63, 0x61, 0x72,
  0x64, 0x5f, 0x66, 0x72, 0x61, 0x67, 0x6d, 0x65, 0x6e, 0x74, 0x5f, 0x5a,
  0x31, 0x33, 0x6c, 0x69, 0x6e, 0x65, 0x53, 0x74, 0x79, 0x6c, 0x65, 0x4d,
  0x61, 0x73, 0x6b, 0x52, 0x55, 0x31, 0x31, 0x4d, 0x54, 0x4c, 0x63, 0x6f,
  0x6e, 0x73, 0x74, 0x61, 0x6e, 0x74, 0x4b, 0x38, 0x55, 0x6e, 0x69, 0x66,
  0x6f, 0x72, 0x6d, 0x73, 0x44, 0x76, 0x32, 0x5f, 0x66, 0x61, 0x69, 0x72,
  0x2e, 0x66, 0x61, 0x73, 0x74, 0x5f, 0x63, 0x6c, 0x61, 0x6d, 0x70, 0x2e,
  0x66, 0x33, 0x32, 0x61, 0x69, 0x72, 0x2e, 0x66, 0x61, 0x73, 0x74, 0x5f,
  0x66, 0x61, 0x62, 0x73, 0x2e, 0x66, 0x33, 0x32, 0x61, 0x69, 0x72, 0x2e,
  0x66, 0x61, 0x73, 0x74, 0x5f, 0x66, 0x72, 0x61, 0x63, 0x74, 0x2e, 0x66,
  0x33, 0x32, 0x61, 0x69, 0x72, 0x2e, 0x63, 0x6f, 0x6e, 0x76, 0x65, 0x72,
  0x74, 0x2e, 0x66, 0x2e, 0x66, 0x33, 0x32, 0x2e, 0x75, 0x2e, 0x69, 0x31,
  0x61, 0x69, 0x72, 0x2e, 0x66, 0x61, 0x73, 0x74, 0x5f, 0x73, 0x61, 0x74,
  0x75, 0x72, 0x61, 0x74, 0x65, 0x2e, 0x76, 0x32, 0x66, 0x33, 0x32, 0x33,
  0x32, 0x30, 0x32, 0x33, 0x2e, 0x38, 0x38, 0x33, 0x61, 0x69, 0x72, 0x36,
  0x34, 0x2d, 0x61, 0x70, 0x70, 0x6c, 0x65, 0x2d, 0x69, 0x6f, 0x73, 0x31,
  0x33, 0x2e, 0x30, 0x2e, 0x30, 0x00, 0x00, 0x00, 0x00, 0x00, 0x00, 0x00,
  0x00, 0x00, 0x00, 0x00, 0x00, 0x00, 0x00
};
unsigned int mnvg_bitcode_ios_len = sizeof(mnvg_bitcode_ios);
